{"type":"FeatureCollection","features":[{"type":"Feature","properties":{"name":"圣贝纳迪诺","rank":4,"capital":false},"geometry":{"type":"Point","coordinates":[-117.30198,34.12233]}},{"type":"Feature","properties":{"name":"布里奇波特","rank":4,"capital":false},"geometry":{"type":"Point","coordinates":[-73.20191,41.18192]}},{"type":"Feature","properties":{"name":"羅徹斯特","rank":4,"capital":false},"geometry":{"type":"Point","coordinates":[-77.6219,43.17237]}},{"type":"Feature","properties":{"name":"曼彻斯特","rank":4,"capital":false},"geometry":{"type":"Point","coordinates":[-2.24868,53.47532]}},{"type":"Feature","properties":{"name":"古吉兰瓦拉","rank":4,"capital":false},"geometry":{"type":"Point","coordinates":[74.18308,32.16237]}},{"type":"Feature","properties":{"name":"仁川廣域","rank":4,"capital":false},"geometry":{"type":"Point","coordinates":[126.64029,37.47809]}},{"type":"Feature","properties":{"name":"贝宁城","rank":4,"capital":false},"geometry":{"type":"Point","coordinates":[5.61806,6.34242]}},{"type":"Feature","properties":{"name":"厦门","rank":4,"capital":false},"geometry":{"type":"Point","coordinates":[118.07807,24.45194]}},{"type":"Feature","properties":{"name":"南充","rank":4,"capital":false},"geometry":{"type":"Point","coordinates":[106.12805,30.78238]}},{"type":"Feature","properties":{"name":"内江","rank":4,"capital":false},"geometry":{"type":"Point","coordinates":[105.04807,29.58232]}},{"type":"Feature","properties":{"name":"南阳","rank":4,"capital":false},"geometry":{"type":"Point","coordinates":[112.52807,33.00235]}},{"type":"Feature","properties":{"name":"锦溪","rank":4,"capital":false},"geometry":{"type":"Point","coordinates":[120.82803,40.75229]}},{"type":"Feature","properties":{"name":"烟台","rank":4,"capital":false},"geometry":{"type":"Point","coordinates":[121.39808,37.53235]}},{"type":"Feature","properties":{"name":"枣庄","rank":4,"capital":false},"geometry":{"type":"Point","coordinates":[117.56808,34.88195]}},{"type":"Feature","properties":{"name":"苏州","rank":4,"capital":false},"geometry":{"type":"Point","coordinates":[120.61807,31.30242]}},{"type":"Feature","properties":{"name":"徐州","rank":4,"capital":false},"geometry":{"type":"Point","coordinates":[117.17807,34.28196]}},{"type":"Feature","properties":{"name":"无锡","rank":4,"capital":false},"geometry":{"type":"Point","coordinates":[120.29804,31.58194]}},{"type":"Feature","properties":{"name":"吉林","rank":4,"capital":false},"geometry":{"type":"Point","coordinates":[126.5481,43.85192]}},{"type":"Feature","properties":{"name":"昌迪加尔","rank":4,"capital":false},"geometry":{"type":"Point","coordinates":[76.77806,30.72194]}},{"type":"Feature","properties":{"name":"查谟","rank":4,"capital":false},"geometry":{"type":"Point","coordinates":[74.84479,32.71373]}},{"type":"Feature","properties":{"name":"索拉普","rank":4,"capital":false},"geometry":{"type":"Point","coordinates":[75.89806,17.67235]}},{"type":"Feature","properties":{"name":"奥郎加巴德","rank":4,"capital":false},"geometry":{"type":"Point","coordinates":[75.32895,19.86169]}},{"type":"Feature","properties":{"name":"纳西克","rank":4,"capital":false},"geometry":{"type":"Point","coordinates":[73.77804,20.00236]}},{"type":"Feature","properties":{"name":"第斯普尔","rank":4,"capital":false},"geometry":{"type":"Point","coordinates":[91.76664,26.14402]}},{"type":"Feature","properties":{"name":"贾朗达尔","rank":4,"capital":false},"geometry":{"type":"Point","coordinates":[75.56707,31.33687]}},{"type":"Feature","properties":{"name":"安拉阿巴德","rank":4,"capital":false},"geometry":{"type":"Point","coordinates":[81.83806,25.45694]}},{"type":"Feature","properties":{"name":"莫拉达巴德","rank":4,"capital":false},"geometry":{"type":"Point","coordinates":[78.75484,28.84374]}},{"type":"Feature","properties":{"name":"加济阿巴德","rank":4,"capital":false},"geometry":{"type":"Point","coordinates":[77.40645,28.66233]}},{"type":"Feature","properties":{"name":"阿格拉","rank":4,"capital":false},"geometry":{"type":"Point","coordinates":[78.01307,27.17237]}},{"type":"Feature","properties":{"name":"阿里格尔","rank":4,"capital":false},"geometry":{"type":"Point","coordinates":[78.05984,27.89416]}},{"type":"Feature","properties":{"name":"密拉特","rank":4,"capital":false},"geometry":{"type":"Point","coordinates":[77.69806,29.00236]}},{"type":"Feature","properties":{"name":"丹巴德","rank":4,"capital":false},"geometry":{"type":"Point","coordinates":[86.41804,23.80234]}},{"type":"Feature","properties":{"name":"瓜廖尔","rank":4,"capital":false},"geometry":{"type":"Point","coordinates":[78.1692,26.20003]}},{"type":"Feature","properties":{"name":"瓦多达拉","rank":4,"capital":false},"geometry":{"type":"Point","coordinates":[73.17807,22.31197]}},{"type":"Feature","properties":{"name":"莱科特","rank":4,"capital":false},"geometry":{"type":"Point","coordinates":[70.79806,22.31197]}},{"type":"Feature","properties":{"name":"杜拉斯诺","rank":4,"capital":false},"geometry":{"type":"Point","coordinates":[-56.51005,-33.41002]}},{"type":"Feature","properties":{"name":"国际瀑布城","rank":4,"capital":false},"geometry":{"type":"Point","coordinates":[-93.41085,48.60113]}},{"type":"Feature","properties":{"name":"圣保罗","rank":4,"capital":false},"geometry":{"type":"Point","coordinates":[-93.08497,44.94399]}},{"type":"Feature","properties":{"name":"比灵斯","rank":4,"capital":false},"geometry":{"type":"Point","coordinates":[-108.54,45.7883]}},{"type":"Feature","properties":{"name":"大瀑布城","rank":4,"capital":false},"geometry":{"type":"Point","coordinates":[-111.29999,47.50029]}},{"type":"Feature","properties":{"name":"米苏拉","rank":4,"capital":false},"geometry":{"type":"Point","coordinates":[-113.99305,46.87224]}},{"type":"Feature","properties":{"name":"迈诺特","rank":4,"capital":false},"geometry":{"type":"Point","coordinates":[-101.29582,48.23249]}},{"type":"Feature","properties":{"name":"法戈","rank":4,"capital":false},"geometry":{"type":"Point","coordinates":[-96.78943,46.87723]}},{"type":"Feature","properties":{"name":"希洛","rank":4,"capital":false},"geometry":{"type":"Point","coordinates":[-155.08154,19.70564]}},{"type":"Feature","properties":{"name":"奥林匹亚","rank":4,"capital":false},"geometry":{"type":"Point","coordinates":[-122.89943,47.03804]}},{"type":"Feature","properties":{"name":"斯波坎","rank":4,"capital":false},"geometry":{"type":"Point","coordinates":[-117.41995,47.67]}},{"type":"Feature","properties":{"name":"温哥华","rank":4,"capital":false},"geometry":{"type":"Point","coordinates":[-122.63999,45.6303]}},{"type":"Feature","properties":{"name":"弗拉格斯塔夫","rank":4,"capital":false},"geometry":{"type":"Point","coordinates":[-111.65051,35.1981]}},{"type":"Feature","properties":{"name":"图森","rank":4,"capital":false},"geometry":{"type":"Point","coordinates":[-110.89193,32.20694]}},{"type":"Feature","properties":{"name":"圣巴巴拉","rank":4,"capital":false},"geometry":{"type":"Point","coordinates":[-119.71662,34.4108]}},{"type":"Feature","properties":{"name":"弗雷斯诺","rank":4,"capital":false},"geometry":{"type":"Point","coordinates":[-119.77298,36.74772]}},{"type":"Feature","properties":{"name":"尤里卡","rank":4,"capital":false},"geometry":{"type":"Point","coordinates":[-124.15037,40.79304]}},{"type":"Feature","properties":{"name":"科罗拉多斯普林斯","rank":4,"capital":false},"geometry":{"type":"Point","coordinates":[-104.79199,38.86296]}},{"type":"Feature","properties":{"name":"雷諾","rank":4,"capital":false},"geometry":{"type":"Point","coordinates":[-119.82001,39.52998]}},{"type":"Feature","properties":{"name":"埃尔科","rank":4,"capital":false},"geometry":{"type":"Point","coordinates":[-115.76199,40.83251]}},{"type":"Feature","properties":{"name":"阿尔伯克基","rank":4,"capital":false},"geometry":{"type":"Point","coordinates":[-106.64133,35.10497]}},{"type":"Feature","properties":{"name":"塞勒姆","rank":4,"capital":false},"geometry":{"type":"Point","coordinates":[-123.0239,44.92807]}},{"type":"Feature","properties":{"name":"卡斯珀","rank":4,"capital":false},"geometry":{"type":"Point","coordinates":[-106.32324,42.84687]}},{"type":"Feature","properties":{"name":"托皮卡","rank":4,"capital":false},"geometry":{"type":"Point","coordinates":[-95.66998,39.05001]}},{"type":"Feature","properties":{"name":"堪萨斯城","rank":4,"capital":false},"geometry":{"type":"Point","coordinates":[-94.60604,39.10903]}},{"type":"Feature","properties":{"name":"塔尔萨","rank":4,"capital":false},"geometry":{"type":"Point","coordinates":[-95.93002,36.12]}},{"type":"Feature","properties":{"name":"苏瀑","rank":4,"capital":false},"geometry":{"type":"Point","coordinates":[-96.73,43.54999]}},{"type":"Feature","properties":{"name":"什里夫波特","rank":4,"capital":false},"geometry":{"type":"Point","coordinates":[-93.77002,32.50002]}},{"type":"Feature","properties":{"name":"巴吞魯日","rank":4,"capital":false},"geometry":{"type":"Point","coordinates":[-91.14016,30.45795]}},{"type":"Feature","properties":{"name":"沃思堡","rank":4,"capital":false},"geometry":{"type":"Point","coordinates":[-97.34004,32.73998]}},{"type":"Feature","properties":{"name":"科珀斯克里斯蒂","rank":4,"capital":false},"geometry":{"type":"Point","coordinates":[-97.40189,27.74281]}},{"type":"Feature","properties":{"name":"奥斯汀","rank":4,"capital":false},"geometry":{"type":"Point","coordinates":[-97.74472,30.2689]}},{"type":"Feature","properties":{"name":"阿马里洛","rank":4,"capital":false},"geometry":{"type":"Point","coordinates":[-101.83,35.22998]}},{"type":"Feature","properties":{"name":"艾尔帕索","rank":4,"capital":false},"geometry":{"type":"Point","coordinates":[-106.51194,31.78193]}},{"type":"Feature","properties":{"name":"拉雷多","rank":4,"capital":false},"geometry":{"type":"Point","coordinates":[-99.50722,27.50614]}},{"type":"Feature","properties":{"name":"梅里達","rank":4,"capital":false},"geometry":{"type":"Point","coordinates":[-71.18252,8.56952]}},{"type":"Feature","properties":{"name":"南柏林頓","rank":4,"capital":false},"geometry":{"type":"Point","coordinates":[-73.21247,44.4758]}},{"type":"Feature","properties":{"name":"蒙哥马利","rank":4,"capital":false},"geometry":{"type":"Point","coordinates":[-86.27919,32.3616]}},{"type":"Feature","properties":{"name":"塔拉赫西","rank":4,"capital":false},"geometry":{"type":"Point","coordinates":[-84.28003,30.44999]}},{"type":"Feature","properties":{"name":"奥兰多","rank":4,"capital":false},"geometry":{"type":"Point","coordinates":[-81.38198,28.51192]}},{"type":"Feature","properties":{"name":"杰克逊维尔","rank":4,"capital":false},"geometry":{"type":"Point","coordinates":[-81.67193,30.33197]}},{"type":"Feature","properties":{"name":"萨凡纳","rank":4,"capital":false},"geometry":{"type":"Point","coordinates":[-81.11,32.02111]}},{"type":"Feature","properties":{"name":"哥伦比亚","rank":4,"capital":false},"geometry":{"type":"Point","coordinates":[-81.03126,33.99686]}},{"type":"Feature","properties":{"name":"印第安纳波利斯","rank":4,"capital":false},"geometry":{"type":"Point","coordinates":[-86.17199,39.75193]}},{"type":"Feature","properties":{"name":"威尔明顿","rank":4,"capital":false},"geometry":{"type":"Point","coordinates":[-77.94502,34.22552]}},{"type":"Feature","properties":{"name":"诺克斯维尔","rank":4,"capital":false},"geometry":{"type":"Point","coordinates":[-83.92003,35.97001]}},{"type":"Feature","properties":{"name":"里士满","rank":4,"capital":false},"geometry":{"type":"Point","coordinates":[-77.45193,37.55197]}},{"type":"Feature","properties":{"name":"查尔斯顿","rank":4,"capital":false},"geometry":{"type":"Point","coordinates":[-81.63273,38.34974]}},{"type":"Feature","properties":{"name":"巴尔的摩","rank":4,"capital":false},"geometry":{"type":"Point","coordinates":[-76.61458,39.28152]}},{"type":"Feature","properties":{"name":"锡拉丘兹","rank":4,"capital":false},"geometry":{"type":"Point","coordinates":[-76.15001,43.04999]}},{"type":"Feature","properties":{"name":"阿亞庫喬港","rank":4,"capital":false},"geometry":{"type":"Point","coordinates":[-67.62361,5.6639]}},{"type":"Feature","properties":{"name":"西班牙港","rank":4,"capital":true},"geometry":{"type":"Point","coordinates":[-61.51703,10.652]}},{"type":"Feature","properties":{"name":"奥古斯塔","rank":4,"capital":false},"geometry":{"type":"Point","coordinates":[-69.77999,44.31056]}},{"type":"Feature","properties":{"name":"苏圣玛丽","rank":4,"capital":false},"geometry":{"type":"Point","coordinates":[-84.34528,46.49526]}},{"type":"Feature","properties":{"name":"阿塔帕梅","rank":4,"capital":false},"geometry":{"type":"Point","coordinates":[1.12002,7.53004]}},{"type":"Feature","properties":{"name":"苏塞","rank":4,"capital":false},"geometry":{"type":"Point","coordinates":[10.62503,35.83]}},{"type":"Feature","properties":{"name":"塔伊兹","rank":4,"capital":false},"geometry":{"type":"Point","coordinates":[44.03747,13.6064]}},{"type":"Feature","properties":{"name":"锡特卡","rank":4,"capital":false},"geometry":{"type":"Point","coordinates":[-135.32755,57.0604]}},{"type":"Feature","properties":{"name":"利沃夫","rank":4,"capital":false},"geometry":{"type":"Point","coordinates":[24.03,49.83498]}},{"type":"Feature","properties":{"name":"敖德萨","rank":4,"capital":false},"geometry":{"type":"Point","coordinates":[30.70806,46.49196]}},{"type":"Feature","properties":{"name":"日托米尔","rank":4,"capital":false},"geometry":{"type":"Point","coordinates":[28.66217,50.24558]}},{"type":"Feature","properties":{"name":"第聂伯罗","rank":4,"capital":false},"geometry":{"type":"Point","coordinates":[34.99808,48.48192]}},{"type":"Feature","properties":{"name":"顿涅茨克","rank":4,"capital":false},"geometry":{"type":"Point","coordinates":[37.82803,48.00195]}},{"type":"Feature","properties":{"name":"哈尔科夫","rank":4,"capital":false},"geometry":{"type":"Point","coordinates":[36.24808,50.00193]}},{"type":"Feature","properties":{"name":"土库曼巴希","rank":4,"capital":false},"geometry":{"type":"Point","coordinates":[52.96968,40.02305]}},{"type":"Feature","properties":{"name":"布哈拉","rank":4,"capital":false},"geometry":{"type":"Point","coordinates":[64.43001,39.78001]}},{"type":"Feature","properties":{"name":"努库斯","rank":4,"capital":false},"geometry":{"type":"Point","coordinates":[59.61501,42.47]}},{"type":"Feature","properties":{"name":"土库曼纳巴德","rank":4,"capital":false},"geometry":{"type":"Point","coordinates":[63.58004,39.11]}},{"type":"Feature","properties":{"name":"马雷","rank":4,"capital":false},"geometry":{"type":"Point","coordinates":[61.83332,37.60002]}},{"type":"Feature","properties":{"name":"安集延","rank":4,"capital":false},"geometry":{"type":"Point","coordinates":[72.33997,40.79]}},{"type":"Feature","properties":{"name":"海防","rank":4,"capital":false},"geometry":{"type":"Point","coordinates":[106.67815,20.83195]}},{"type":"Feature","properties":{"name":"岘港","rank":4,"capital":false},"geometry":{"type":"Point","coordinates":[108.24997,16.06004]}},{"type":"Feature","properties":{"name":"卡布韦","rank":4,"capital":false},"geometry":{"type":"Point","coordinates":[28.44998,-14.44001]}},{"type":"Feature","properties":{"name":"穆富利拉","rank":4,"capital":false},"geometry":{"type":"Point","coordinates":[28.25997,-12.55]}},{"type":"Feature","properties":{"name":"基特韦","rank":4,"capital":false},"geometry":{"type":"Point","coordinates":[28.22002,-12.81003]}},{"type":"Feature","properties":{"name":"利文斯顿","rank":4,"capital":false},"geometry":{"type":"Point","coordinates":[25.86001,-17.86001]}},{"type":"Feature","properties":{"name":"奇通圭扎","rank":4,"capital":false},"geometry":{"type":"Point","coordinates":[31.1,-18.0]}},{"type":"Feature","properties":{"name":"杜阿拉","rank":4,"capital":false},"geometry":{"type":"Point","coordinates":[9.70805,4.06236]}},{"type":"Feature","properties":{"name":"伯明翰","rank":4,"capital":false},"geometry":{"type":"Point","coordinates":[-1.92194,52.47692]}},{"type":"Feature","properties":{"name":"贝尔法斯特","rank":4,"capital":false},"geometry":{"type":"Point","coordinates":[-5.92818,54.59425]}},{"type":"Feature","properties":{"name":"伊兹密尔","rank":4,"capital":false},"geometry":{"type":"Point","coordinates":[27.14985,38.4381]}},{"type":"Feature","properties":{"name":"布尔萨","rank":4,"capital":false},"geometry":{"type":"Point","coordinates":[29.06805,40.20193]}},{"type":"Feature","properties":{"name":"萨姆松","rank":4,"capital":false},"geometry":{"type":"Point","coordinates":[36.34366,41.28]}},{"type":"Feature","properties":{"name":"科尼亚","rank":4,"capital":false},"geometry":{"type":"Point","coordinates":[32.47306,37.87696]}},{"type":"Feature","properties":{"name":"阿达纳","rank":4,"capital":false},"geometry":{"type":"Point","coordinates":[35.31806,36.99693]}},{"type":"Feature","properties":{"name":"古盧","rank":4,"capital":false},"geometry":{"type":"Point","coordinates":[32.28003,2.78]}},{"type":"Feature","properties":{"name":"吉佳利","rank":4,"capital":true},"geometry":{"type":"Point","coordinates":[30.05859,-1.95164]}},{"type":"Feature","properties":{"name":"科蒂卡","rank":4,"capital":false},"geometry":{"type":"Point","coordinates":[-54.23329,3.85001]}},{"type":"Feature","properties":{"name":"科尔多瓦","rank":4,"capital":false},"geometry":{"type":"Point","coordinates":[-4.77,37.88]}},{"type":"Feature","properties":{"name":"马拉迪","rank":4,"capital":false},"geometry":{"type":"Point","coordinates":[7.0964,13.49164]}},{"type":"Feature","properties":{"name":"塔瓦","rank":4,"capital":false},"geometry":{"type":"Point","coordinates":[5.25993,14.89998]}},{"type":"Feature","properties":{"name":"康斯坦察","rank":4,"capital":false},"geometry":{"type":"Point","coordinates":[28.60997,44.20266]}},{"type":"Feature","properties":{"name":"吕勒奥","rank":4,"capital":false},"geometry":{"type":"Point","coordinates":[22.15838,65.59663]}},{"type":"Feature","properties":{"name":"松玆瓦爾","rank":4,"capital":false},"geometry":{"type":"Point","coordinates":[17.31666,62.40005]}},{"type":"Feature","properties":{"name":"雅西","rank":4,"capital":false},"geometry":{"type":"Point","coordinates":[27.57495,47.16835]}},{"type":"Feature","properties":{"name":"素叻他尼","rank":4,"capital":false},"geometry":{"type":"Point","coordinates":[99.34013,9.1501]}},{"type":"Feature","properties":{"name":"清迈","rank":4,"capital":false},"geometry":{"type":"Point","coordinates":[98.98005,18.79998]}},{"type":"Feature","properties":{"name":"那空叻差是玛","rank":4,"capital":false},"geometry":{"type":"Point","coordinates":[102.10001,15.00003]}},{"type":"Feature","properties":{"name":"墨巴本","rank":4,"capital":true},"geometry":{"type":"Point","coordinates":[31.13333,-26.31665]}},{"type":"Feature","properties":{"name":"皮乌拉","rank":4,"capital":false},"geometry":{"type":"Point","coordinates":[-80.62997,-5.21003]}},{"type":"Feature","properties":{"name":"阿雷基帕","rank":4,"capital":false},"geometry":{"type":"Point","coordinates":[-71.53196,-16.41805]}},{"type":"Feature","properties":{"name":"钦博特","rank":4,"capital":false},"geometry":{"type":"Point","coordinates":[-78.57,-9.07]}},{"type":"Feature","properties":{"name":"普兰尔帕","rank":4,"capital":false},"geometry":{"type":"Point","coordinates":[-74.535,-8.36891]}},{"type":"Feature","properties":{"name":"伊基托斯","rank":4,"capital":false},"geometry":{"type":"Point","coordinates":[-73.25001,-3.75002]}},{"type":"Feature","properties":{"name":"万卡约","rank":4,"capital":false},"geometry":{"type":"Point","coordinates":[-75.20002,-12.08]}},{"type":"Feature","properties":{"name":"东方","rank":4,"capital":false},"geometry":{"type":"Point","coordinates":[-54.61606,-25.5167]}},{"type":"Feature","properties":{"name":"蓬塔德尔加达","rank":4,"capital":false},"geometry":{"type":"Point","coordinates":[-25.66658,37.7483]}},{"type":"Feature","properties":{"name":"维戈","rank":4,"capital":false},"geometry":{"type":"Point","coordinates":[-8.72999,42.22002]}},{"type":"Feature","properties":{"name":"毕尔巴鄂","rank":4,"capital":false},"geometry":{"type":"Point","coordinates":[-2.92999,43.24998]}},{"type":"Feature","properties":{"name":"考拉克","rank":4,"capital":false},"geometry":{"type":"Point","coordinates":[-16.10001,14.14997]}},{"type":"Feature","properties":{"name":"卡埃迪","rank":4,"capital":false},"geometry":{"type":"Point","coordinates":[-13.49999,16.15001]}},{"type":"Feature","properties":{"name":"朱奈纳","rank":4,"capital":false},"geometry":{"type":"Point","coordinates":[22.44001,13.45002]}},{"type":"Feature","properties":{"name":"麦地那","rank":4,"capital":false},"geometry":{"type":"Point","coordinates":[39.57806,24.50193]}},{"type":"Feature","properties":{"name":"塔布克","rank":4,"capital":false},"geometry":{"type":"Point","coordinates":[36.55497,28.38383]}},{"type":"Feature","properties":{"name":"朱巴","rank":4,"capital":false},"geometry":{"type":"Point","coordinates":[31.58003,4.82998]}},{"type":"Feature","properties":{"name":"马拉卡尔","rank":4,"capital":false},"geometry":{"type":"Point","coordinates":[31.65599,9.5369]}},{"type":"Feature","properties":{"name":"恩图曼","rank":4,"capital":false},"geometry":{"type":"Point","coordinates":[32.48002,15.61668]}},{"type":"Feature","properties":{"name":"欧拜伊德","rank":4,"capital":false},"geometry":{"type":"Point","coordinates":[30.2167,13.18329]}},{"type":"Feature","properties":{"name":"海牙","rank":4,"capital":false},"geometry":{"type":"Point","coordinates":[4.26996,52.08004]}},{"type":"Feature","properties":{"name":"克里斯蒂安桑","rank":4,"capital":false},"geometry":{"type":"Point","coordinates":[7.97498,58.14562]}},{"type":"Feature","properties":{"name":"卢布尔雅那","rank":4,"capital":true},"geometry":{"type":"Point","coordinates":[14.51497,46.05529]}},{"type":"Feature","properties":{"name":"布拉迪斯拉发","rank":4,"capital":true},"geometry":{"type":"Point","coordinates":[17.11698,48.15002]}},{"type":"Feature","properties":{"name":"哈默菲斯特","rank":4,"capital":false},"geometry":{"type":"Point","coordinates":[23.688,70.66128]}},{"type":"Feature","properties":{"name":"多哈","rank":4,"capital":true},"geometry":{"type":"Point","coordinates":[51.53297,25.28656]}},{"type":"Feature","properties":{"name":"奎达","rank":4,"capital":false},"geometry":{"type":"Point","coordinates":[67.02305,30.22195]}},{"type":"Feature","properties":{"name":"拉尔卡纳","rank":4,"capital":false},"geometry":{"type":"Point","coordinates":[68.20678,27.56177]}},{"type":"Feature","properties":{"name":"斯普林博克","rank":4,"capital":false},"geometry":{"type":"Point","coordinates":[17.88329,-29.66673]}},{"type":"Feature","properties":{"name":"乌平通","rank":4,"capital":false},"geometry":{"type":"Point","coordinates":[21.23001,-28.46003]}},{"type":"Feature","properties":{"name":"伍斯特","rank":4,"capital":false},"geometry":{"type":"Point","coordinates":[19.43994,-33.64003]}},{"type":"Feature","properties":{"name":"喬治","rank":4,"capital":false},"geometry":{"type":"Point","coordinates":[22.45004,-33.95003]}},{"type":"Feature","properties":{"name":"太特","rank":4,"capital":false},"geometry":{"type":"Point","coordinates":[33.58001,-16.17003]}},{"type":"Feature","properties":{"name":"彭巴","rank":4,"capital":false},"geometry":{"type":"Point","coordinates":[40.53235,-12.98305]}},{"type":"Feature","properties":{"name":"楠普拉","rank":4,"capital":false},"geometry":{"type":"Point","coordinates":[39.29304,-15.13604]}},{"type":"Feature","properties":{"name":"韦尔科姆","rank":4,"capital":false},"geometry":{"type":"Point","coordinates":[26.72999,-27.96999]}},{"type":"Feature","properties":{"name":"赛赛","rank":4,"capital":false},"geometry":{"type":"Point","coordinates":[33.64,-25.03998]}},{"type":"Feature","properties":{"name":"戈罗卡","rank":4,"capital":false},"geometry":{"type":"Point","coordinates":[145.38548,-6.08331]}},{"type":"Feature","properties":{"name":"芒特哈根","rank":4,"capital":false},"geometry":{"type":"Point","coordinates":[144.21682,-5.86322]}},{"type":"Feature","properties":{"name":"拉包尔","rank":4,"capital":false},"geometry":{"type":"Point","coordinates":[152.14343,-4.20549]}},{"type":"Feature","properties":{"name":"莱城","rank":4,"capital":false},"geometry":{"type":"Point","coordinates":[146.99004,-6.73299]}},{"type":"Feature","properties":{"name":"戴维","rank":4,"capital":false},"geometry":{"type":"Point","coordinates":[-82.43333,8.43332]}},{"type":"Feature","properties":{"name":"乌季达","rank":4,"capital":false},"geometry":{"type":"Point","coordinates":[-1.90997,34.69001]}},{"type":"Feature","properties":{"name":"萨非","rank":4,"capital":false},"geometry":{"type":"Point","coordinates":[-9.23999,32.31998]}},{"type":"Feature","properties":{"name":"波德戈里察","rank":4,"capital":true},"geometry":{"type":"Point","coordinates":[19.26631,42.46597]}},{"type":"Feature","properties":{"name":"克利马内","rank":4,"capital":false},"geometry":{"type":"Point","coordinates":[36.88999,-17.88001]}},{"type":"Feature","properties":{"name":"东伦敦","rank":4,"capital":false},"geometry":{"type":"Point","coordinates":[27.87002,-32.97004]}},{"type":"Feature","properties":{"name":"米德尔堡","rank":4,"capital":false},"geometry":{"type":"Point","coordinates":[25.00999,-31.5]}},{"type":"Feature","properties":{"name":"納爾奇克","rank":4,"capital":false},"geometry":{"type":"Point","coordinates":[43.61795,43.49811]}},{"type":"Feature","properties":{"name":"斯塔夫罗波尔","rank":4,"capital":false},"geometry":{"type":"Point","coordinates":[41.98001,45.05]}},{"type":"Feature","properties":{"name":"乌戈尔尼科皮","rank":4,"capital":false},"geometry":{"type":"Point","coordinates":[177.7,64.7333]}},{"type":"Feature","properties":{"name":"加里宁格勒","rank":4,"capital":false},"geometry":{"type":"Point","coordinates":[20.49734,54.70001]}},{"type":"Feature","properties":{"name":"普斯科夫","rank":4,"capital":false},"geometry":{"type":"Point","coordinates":[28.32994,57.83]}},{"type":"Feature","properties":{"name":"布良斯克","rank":4,"capital":false},"geometry":{"type":"Point","coordinates":[34.42998,53.25999]}},{"type":"Feature","properties":{"name":"斯摩棱斯克","rank":4,"capital":false},"geometry":{"type":"Point","coordinates":[32.04734,54.78269]}},{"type":"Feature","properties":{"name":"彼得罗扎沃茨克","rank":4,"capital":false},"geometry":{"type":"Point","coordinates":[34.36122,61.78132]}},{"type":"Feature","properties":{"name":"特维尔","rank":4,"capital":false},"geometry":{"type":"Point","coordinates":[35.89,56.85998]}},{"type":"Feature","properties":{"name":"沃洛格达","rank":4,"capital":false},"geometry":{"type":"Point","coordinates":[39.91998,59.20999]}},{"type":"Feature","properties":{"name":"雅罗斯拉夫尔","rank":4,"capital":false},"geometry":{"type":"Point","coordinates":[39.87001,57.61998]}},{"type":"Feature","properties":{"name":"顿河畔罗斯托夫","rank":4,"capital":false},"geometry":{"type":"Point","coordinates":[39.71071,47.23659]}},{"type":"Feature","properties":{"name":"索契","rank":4,"capital":false},"geometry":{"type":"Point","coordinates":[39.72997,43.59001]}},{"type":"Feature","properties":{"name":"克拉斯诺达尔","rank":4,"capital":false},"geometry":{"type":"Point","coordinates":[39.00004,45.01998]}},{"type":"Feature","properties":{"name":"奔萨","rank":4,"capital":false},"geometry":{"type":"Point","coordinates":[44.99998,53.18002]}},{"type":"Feature","properties":{"name":"梁赞","rank":4,"capital":false},"geometry":{"type":"Point","coordinates":[39.71999,54.61996]}},{"type":"Feature","properties":{"name":"沃罗涅日","rank":4,"capital":false},"geometry":{"type":"Point","coordinates":[39.18684,51.66539]}},{"type":"Feature","properties":{"name":"马格尼托哥尔斯克","rank":4,"capital":false},"geometry":{"type":"Point","coordinates":[58.98001,53.42269]}},{"type":"Feature","properties":{"name":"车里雅宾斯克","rank":4,"capital":false},"geometry":{"type":"Point","coordinates":[61.43672,55.15694]}},{"type":"Feature","properties":{"name":"沃尔库塔","rank":4,"capital":false},"geometry":{"type":"Point","coordinates":[64.00998,67.5]}},{"type":"Feature","properties":{"name":"基洛夫","rank":4,"capital":false},"geometry":{"type":"Point","coordinates":[49.66998,58.59005]}},{"type":"Feature","properties":{"name":"下塔吉尔","rank":4,"capital":false},"geometry":{"type":"Point","coordinates":[59.97498,57.92002]}},{"type":"Feature","properties":{"name":"阿斯特拉罕","rank":4,"capital":false},"geometry":{"type":"Point","coordinates":[48.05499,46.34866]}},{"type":"Feature","properties":{"name":"奥伦堡","rank":4,"capital":false},"geometry":{"type":"Point","coordinates":[55.11001,51.77998]}},{"type":"Feature","properties":{"name":"萨拉托夫","rank":4,"capital":false},"geometry":{"type":"Point","coordinates":[46.02805,51.58194]}},{"type":"Feature","properties":{"name":"乌里扬诺夫斯克","rank":4,"capital":false},"geometry":{"type":"Point","coordinates":[48.41001,54.32998]}},{"type":"Feature","properties":{"name":"鄂木斯克","rank":4,"capital":false},"geometry":{"type":"Point","coordinates":[73.39801,54.99193]}},{"type":"Feature","properties":{"name":"秋明","rank":4,"capital":false},"geometry":{"type":"Point","coordinates":[65.52999,57.14001]}},{"type":"Feature","properties":{"name":"新库兹涅茨克","rank":4,"capital":false},"geometry":{"type":"Point","coordinates":[87.11498,53.75001]}},{"type":"Feature","properties":{"name":"克麦罗沃","rank":4,"capital":false},"geometry":{"type":"Point","coordinates":[86.08998,55.33997]}},{"type":"Feature","properties":{"name":"格罗兹尼","rank":4,"capital":false},"geometry":{"type":"Point","coordinates":[45.6987,43.31869]}},{"type":"Feature","properties":{"name":"康提","rank":4,"capital":false},"geometry":{"type":"Point","coordinates":[80.67,7.27998]}},{"type":"Feature","properties":{"name":"斯里贾亚瓦德纳普拉科特","rank":4,"capital":false},"geometry":{"type":"Point","coordinates":[79.94999,6.9]}},{"type":"Feature","properties":{"name":"大田广域","rank":4,"capital":false},"geometry":{"type":"Point","coordinates":[127.42308,36.33749]}},{"type":"Feature","properties":{"name":"光州广域","rank":4,"capital":false},"geometry":{"type":"Point","coordinates":[126.90849,35.17291]}},{"type":"Feature","properties":{"name":"釜山","rank":4,"capital":false},"geometry":{"type":"Point","coordinates":[129.0081,35.097]}},{"type":"Feature","properties":{"name":"三宝颜","rank":4,"capital":false},"geometry":{"type":"Point","coordinates":[122.07809,6.92192]}},{"type":"Feature","properties":{"name":"拉瓦格","rank":4,"capital":false},"geometry":{"type":"Point","coordinates":[120.59361,18.19885]}},{"type":"Feature","properties":{"name":"碧瑶","rank":4,"capital":false},"geometry":{"type":"Point","coordinates":[120.56994,16.42999]}},{"type":"Feature","properties":{"name":"三投斯将军","rank":4,"capital":false},"geometry":{"type":"Point","coordinates":[125.17473,6.11083]}},{"type":"Feature","properties":{"name":"乌斯季伊利姆斯克","rank":4,"capital":false},"geometry":{"type":"Point","coordinates":[102.63331,57.98996]}},{"type":"Feature","properties":{"name":"安加尔斯克","rank":4,"capital":false},"geometry":{"type":"Point","coordinates":[103.92,52.56001]}},{"type":"Feature","properties":{"name":"阿巴坎","rank":4,"capital":false},"geometry":{"type":"Point","coordinates":[91.445,53.70368]}},{"type":"Feature","properties":{"name":"诺里尔斯克","rank":4,"capital":false},"geometry":{"type":"Point","coordinates":[88.22499,69.34002]}},{"type":"Feature","properties":{"name":"哈坦加","rank":4,"capital":false},"geometry":{"type":"Point","coordinates":[102.465,72.04114]}},{"type":"Feature","properties":{"name":"克孜勒","rank":4,"capital":false},"geometry":{"type":"Point","coordinates":[94.38307,51.7067]}},{"type":"Feature","properties":{"name":"乌兰乌德","rank":4,"capital":false},"geometry":{"type":"Point","coordinates":[107.625,51.82499]}},{"type":"Feature","properties":{"name":"海兰泡","rank":4,"capital":false},"geometry":{"type":"Point","coordinates":[127.53334,50.26661]}},{"type":"Feature","properties":{"name":"布卡恰恰","rank":4,"capital":false},"geometry":{"type":"Point","coordinates":[116.91663,52.98334]}},{"type":"Feature","properties":{"name":"达利涅戈尔斯克","rank":4,"capital":false},"geometry":{"type":"Point","coordinates":[135.51725,44.53722]}},{"type":"Feature","properties":{"name":"安巴奇克","rank":4,"capital":false},"geometry":{"type":"Point","coordinates":[162.33359,69.65101]}},{"type":"Feature","properties":{"name":"巴塔蓋","rank":4,"capital":false},"geometry":{"type":"Point","coordinates":[134.63503,67.65599]}},{"type":"Feature","properties":{"name":"喬庫爾達赫","rank":4,"capital":false},"geometry":{"type":"Point","coordinates":[147.89458,70.61831]}},{"type":"Feature","properties":{"name":"乌斯季涅拉","rank":4,"capital":false},"geometry":{"type":"Point","coordinates":[143.19998,64.56659]}},{"type":"Feature","properties":{"name":"连斯克","rank":4,"capital":false},"geometry":{"type":"Point","coordinates":[114.94703,60.72527]}},{"type":"Feature","properties":{"name":"阿尔丹","rank":4,"capital":false},"geometry":{"type":"Point","coordinates":[125.38939,58.603]}},{"type":"Feature","properties":{"name":"米尔内","rank":4,"capital":false},"geometry":{"type":"Point","coordinates":[113.96135,62.54002]}},{"type":"Feature","properties":{"name":"日甘斯克","rank":4,"capital":false},"geometry":{"type":"Point","coordinates":[123.37112,66.76971]}},{"type":"Feature","properties":{"name":"鄂霍次克","rank":4,"capital":false},"geometry":{"type":"Point","coordinates":[143.21704,59.383]}},{"type":"Feature","properties":{"name":"伯力","rank":4,"capital":false},"geometry":{"type":"Point","coordinates":[135.12001,48.45499]}},{"type":"Feature","properties":{"name":"奥哈","rank":4,"capital":false},"geometry":{"type":"Point","coordinates":[142.94785,53.5739]}},{"type":"Feature","properties":{"name":"南萨哈林斯克","rank":4,"capital":false},"geometry":{"type":"Point","coordinates":[142.74001,46.96497]}},{"type":"Feature","properties":{"name":"墨西卡利","rank":4,"capital":false},"geometry":{"type":"Point","coordinates":[-115.48196,32.65193]}},{"type":"Feature","properties":{"name":"拉巴斯","rank":4,"capital":false},"geometry":{"type":"Point","coordinates":[-110.32,24.13996]}},{"type":"Feature","properties":{"name":"托雷翁","rank":4,"capital":false},"geometry":{"type":"Point","coordinates":[-103.42195,25.572]}},{"type":"Feature","properties":{"name":"库利亚坎","rank":4,"capital":false},"geometry":{"type":"Point","coordinates":[-107.38191,24.83194]}},{"type":"Feature","properties":{"name":"诺加利斯","rank":4,"capital":false},"geometry":{"type":"Point","coordinates":[-110.945,31.305]}},{"type":"Feature","properties":{"name":"埃莫西约","rank":4,"capital":false},"geometry":{"type":"Point","coordinates":[-110.95406,29.09888]}},{"type":"Feature","properties":{"name":"瓜伊马斯","rank":4,"capital":false},"geometry":{"type":"Point","coordinates":[-110.88999,27.93001]}},{"type":"Feature","properties":{"name":"圣路易斯波托西","rank":4,"capital":false},"geometry":{"type":"Point","coordinates":[-101.00194,22.17192]}},{"type":"Feature","properties":{"name":"马塔莫罗斯","rank":4,"capital":false},"geometry":{"type":"Point","coordinates":[-97.5,25.87998]}},{"type":"Feature","properties":{"name":"新拉雷多","rank":4,"capital":false},"geometry":{"type":"Point","coordinates":[-99.55001,27.49999]}},{"type":"Feature","properties":{"name":"科利马","rank":4,"capital":false},"geometry":{"type":"Point","coordinates":[-103.72001,19.22997]}},{"type":"Feature","properties":{"name":"坎佩切","rank":4,"capital":false},"geometry":{"type":"Point","coordinates":[-90.49999,19.82999]}},{"type":"Feature","properties":{"name":"瓦哈卡","rank":4,"capital":false},"geometry":{"type":"Point","coordinates":[-96.66995,17.08269]}},{"type":"Feature","properties":{"name":"莱昂","rank":4,"capital":false},"geometry":{"type":"Point","coordinates":[-101.70198,21.15193]}},{"type":"Feature","properties":{"name":"迈杜古里","rank":4,"capital":false},"geometry":{"type":"Point","coordinates":[13.15807,11.85191]}},{"type":"Feature","properties":{"name":"哈科特港","rank":4,"capital":false},"geometry":{"type":"Point","coordinates":[7.00805,4.81195]}},{"type":"Feature","properties":{"name":"马库尔迪","rank":4,"capital":false},"geometry":{"type":"Point","coordinates":[8.53001,7.72998]}},{"type":"Feature","properties":{"name":"伊巴丹","rank":4,"capital":false},"geometry":{"type":"Point","coordinates":[3.92804,7.38197]}},{"type":"Feature","properties":{"name":"奥博莫绍","rank":4,"capital":false},"geometry":{"type":"Point","coordinates":[4.23804,8.13195]}},{"type":"Feature","properties":{"name":"瓦里","rank":4,"capital":false},"geometry":{"type":"Point","coordinates":[5.76,5.51996]}},{"type":"Feature","properties":{"name":"卡杜纳","rank":4,"capital":false},"geometry":{"type":"Point","coordinates":[7.43805,10.52196]}},{"type":"Feature","properties":{"name":"格但斯克","rank":4,"capital":false},"geometry":{"type":"Point","coordinates":[18.64004,54.35998]}},{"type":"Feature","properties":{"name":"克拉科夫","rank":4,"capital":false},"geometry":{"type":"Point","coordinates":[19.95807,50.06193]}},{"type":"Feature","properties":{"name":"达兰扎德嘎德","rank":4,"capital":false},"geometry":{"type":"Point","coordinates":[104.44028,43.58355]}},{"type":"Feature","properties":{"name":"元山","rank":4,"capital":false},"geometry":{"type":"Point","coordinates":[127.43082,39.16049]}},{"type":"Feature","properties":{"name":"新义州","rank":4,"capital":false},"geometry":{"type":"Point","coordinates":[124.42128,40.08586]}},{"type":"Feature","properties":{"name":"科布多城","rank":4,"capital":false},"geometry":{"type":"Point","coordinates":[91.63326,48.01664]}},{"type":"Feature","properties":{"name":"乔巴山","rank":4,"capital":false},"geometry":{"type":"Point","coordinates":[114.50602,48.06659]}},{"type":"Feature","properties":{"name":"吕德里茨","rank":4,"capital":false},"geometry":{"type":"Point","coordinates":[15.15943,-26.648]}},{"type":"Feature","properties":{"name":"鲸湾港","rank":4,"capital":false},"geometry":{"type":"Point","coordinates":[14.50531,-22.95753]}},{"type":"Feature","properties":{"name":"姆万扎","rank":4,"capital":false},"geometry":{"type":"Point","coordinates":[32.93002,-2.52002]}},{"type":"Feature","properties":{"name":"莫罗戈罗","rank":4,"capital":false},"geometry":{"type":"Point","coordinates":[37.66002,-6.82001]}},{"type":"Feature","properties":{"name":"多多马","rank":4,"capital":false},"geometry":{"type":"Point","coordinates":[35.75,-6.18331]}},{"type":"Feature","properties":{"name":"阿鲁沙","rank":4,"capital":false},"geometry":{"type":"Point","coordinates":[36.67,-3.36002]}},{"type":"Feature","properties":{"name":"伯尔尼","rank":4,"capital":true},"geometry":{"type":"Point","coordinates":[7.46698,46.91668]}},{"type":"Feature","properties":{"name":"马尔默","rank":4,"capital":false},"geometry":{"type":"Point","coordinates":[13.02306,55.59942]}},{"type":"Feature","properties":{"name":"阿尤恩","rank":4,"capital":false},"geometry":{"type":"Point","coordinates":[-13.20001,27.14998]}},{"type":"Feature","properties":{"name":"特爾納特","rank":4,"capital":false},"geometry":{"type":"Point","coordinates":[127.36302,0.79296]}},{"type":"Feature","properties":{"name":"安汶","rank":4,"capital":false},"geometry":{"type":"Point","coordinates":[128.20002,-3.71669]}},{"type":"Feature","properties":{"name":"拉巴","rank":4,"capital":false},"geometry":{"type":"Point","coordinates":[118.76664,-8.44999]}},{"type":"Feature","properties":{"name":"查雅普拉","rank":4,"capital":false},"geometry":{"type":"Point","coordinates":[140.69998,-2.53299]}},{"type":"Feature","properties":{"name":"佛罗伦萨","rank":4,"capital":false},"geometry":{"type":"Point","coordinates":[11.25,43.78]}},{"type":"Feature","properties":{"name":"卡塔纳","rank":4,"capital":false},"geometry":{"type":"Point","coordinates":[15.08,37.49997]}},{"type":"Feature","properties":{"name":"普里什蒂纳","rank":4,"capital":true},"geometry":{"type":"Point","coordinates":[21.16598,42.66671]}},{"type":"Feature","properties":{"name":"梅鲁","rank":4,"capital":false},"geometry":{"type":"Point","coordinates":[37.64002,0.05998]}},{"type":"Feature","properties":{"name":"埃尔多雷特","rank":4,"capital":false},"geometry":{"type":"Point","coordinates":[35.26998,0.52001]}},{"type":"Feature","properties":{"name":"班達亞齊","rank":4,"capital":false},"geometry":{"type":"Point","coordinates":[95.32001,5.54998]}},{"type":"Feature","properties":{"name":"乔治","rank":4,"capital":false},"geometry":{"type":"Point","coordinates":[100.32937,5.41361]}},{"type":"Feature","properties":{"name":"张掖","rank":4,"capital":false},"geometry":{"type":"Point","coordinates":[100.45003,38.92999]}},{"type":"Feature","properties":{"name":"武威","rank":4,"capital":false},"geometry":{"type":"Point","coordinates":[102.64101,37.92801]}},{"type":"Feature","properties":{"name":"敦煌","rank":4,"capital":false},"geometry":{"type":"Point","coordinates":[94.66201,40.14268]}},{"type":"Feature","properties":{"name":"天水","rank":4,"capital":false},"geometry":{"type":"Point","coordinates":[105.91804,34.60196]}},{"type":"Feature","properties":{"name":"都兰","rank":4,"capital":false},"geometry":{"type":"Point","coordinates":[98.2666,36.16659]}},{"type":"Feature","properties":{"name":"格尔木","rank":4,"capital":false},"geometry":{"type":"Point","coordinates":[94.88335,36.41663]}},{"type":"Feature","properties":{"name":"玉林","rank":4,"capital":false},"geometry":{"type":"Point","coordinates":[110.14806,22.63192]}},{"type":"Feature","properties":{"name":"白城","rank":4,"capital":false},"geometry":{"type":"Point","coordinates":[106.61333,23.89972]}},{"type":"Feature","properties":{"name":"梧州","rank":4,"capital":false},"geometry":{"type":"Point","coordinates":[111.32002,23.48003]}},{"type":"Feature","properties":{"name":"六盘水","rank":4,"capital":false},"geometry":{"type":"Point","coordinates":[104.83139,26.59638]}},{"type":"Feature","properties":{"name":"泉州","rank":4,"capital":false},"geometry":{"type":"Point","coordinates":[118.57804,24.90196]}},{"type":"Feature","properties":{"name":"合肥","rank":4,"capital":false},"geometry":{"type":"Point","coordinates":[117.27807,31.85198]}},{"type":"Feature","properties":{"name":"宿州","rank":4,"capital":false},"geometry":{"type":"Point","coordinates":[116.97694,33.63806]}},{"type":"Feature","properties":{"name":"湛江","rank":4,"capital":false},"geometry":{"type":"Point","coordinates":[110.37808,21.20193]}},{"type":"Feature","properties":{"name":"韶关","rank":4,"capital":false},"geometry":{"type":"Point","coordinates":[113.57998,24.79997]}},{"type":"Feature","properties":{"name":"巴厘巴板","rank":4,"capital":false},"geometry":{"type":"Point","coordinates":[116.83002,-1.25002]}},{"type":"Feature","properties":{"name":"古晋","rank":4,"capital":false},"geometry":{"type":"Point","coordinates":[110.33,1.52997]}},{"type":"Feature","properties":{"name":"安齐拉纳纳","rank":4,"capital":false},"geometry":{"type":"Point","coordinates":[49.31153,-12.2765]}},{"type":"Feature","properties":{"name":"菲亞納蘭楚阿","rank":4,"capital":false},"geometry":{"type":"Point","coordinates":[47.08327,-21.43333]}},{"type":"Feature","properties":{"name":"马哈赞加","rank":4,"capital":false},"geometry":{"type":"Point","coordinates":[46.34502,-15.67001]}},{"type":"Feature","properties":{"name":"图利亚拉","rank":4,"capital":false},"geometry":{"type":"Point","coordinates":[43.68998,-23.35683]}},{"type":"Feature","properties":{"name":"梭罗","rank":4,"capital":false},"geometry":{"type":"Point","coordinates":[110.82501,-7.56498]}},{"type":"Feature","properties":{"name":"班達楠榜","rank":4,"capital":false},"geometry":{"type":"Point","coordinates":[105.26805,-5.42807]}},{"type":"Feature","properties":{"name":"丹绒香兰","rank":4,"capital":false},"geometry":{"type":"Point","coordinates":[107.65001,-2.75003]}},{"type":"Feature","properties":{"name":"玛琅","rank":4,"capital":false},"geometry":{"type":"Point","coordinates":[112.60807,-7.97805]}},{"type":"Feature","properties":{"name":"古邦","rank":4,"capital":false},"geometry":{"type":"Point","coordinates":[123.58299,-10.17867]}},{"type":"Feature","properties":{"name":"巴里巴里","rank":4,"capital":false},"geometry":{"type":"Point","coordinates":[119.63331,-4.01667]}},{"type":"Feature","properties":{"name":"昆卡","rank":4,"capital":false},"geometry":{"type":"Point","coordinates":[-78.99999,-2.89999]}},{"type":"Feature","properties":{"name":"圣克鲁斯","rank":4,"capital":false},"geometry":{"type":"Point","coordinates":[-90.35,-0.53331]}},{"type":"Feature","properties":{"name":"利蒙","rank":4,"capital":false},"geometry":{"type":"Point","coordinates":[-83.03334,10.00002]}},{"type":"Feature","properties":{"name":"圣地亚哥－德古巴","rank":4,"capital":false},"geometry":{"type":"Point","coordinates":[-75.82133,20.02502]}},{"type":"Feature","properties":{"name":"聖地牙哥","rank":4,"capital":false},"geometry":{"type":"Point","coordinates":[-70.67001,19.50001]}},{"type":"Feature","properties":{"name":"马尼萨莱斯","rank":4,"capital":false},"geometry":{"type":"Point","coordinates":[-75.52,5.05999]}},{"type":"Feature","properties":{"name":"帕斯托","rank":4,"capital":false},"geometry":{"type":"Point","coordinates":[-77.28111,1.21361]}},{"type":"Feature","properties":{"name":"巴兰基亚","rank":4,"capital":false},"geometry":{"type":"Point","coordinates":[-74.80191,10.96193]}},{"type":"Feature","properties":{"name":"罗索","rank":4,"capital":true},"geometry":{"type":"Point","coordinates":[-61.38701,15.30102]}},{"type":"Feature","properties":{"name":"姆班达卡","rank":4,"capital":false},"geometry":{"type":"Point","coordinates":[18.26001,0.04004]}},{"type":"Feature","properties":{"name":"蒙杜","rank":4,"capital":false},"geometry":{"type":"Point","coordinates":[16.09002,8.54998]}},{"type":"Feature","properties":{"name":"苏伊士","rank":4,"capital":false},"geometry":{"type":"Point","coordinates":[32.54994,30.00498]}},{"type":"Feature","properties":{"name":"塞得港","rank":4,"capital":false},"geometry":{"type":"Point","coordinates":[32.29001,31.25999]}},{"type":"Feature","properties":{"name":"法尤姆","rank":4,"capital":false},"geometry":{"type":"Point","coordinates":[30.83997,29.31003]}},{"type":"Feature","properties":{"name":"阿斯旺","rank":4,"capital":false},"geometry":{"type":"Point","coordinates":[32.89891,24.08751]}},{"type":"Feature","properties":{"name":"艾斯尤特","rank":4,"capital":false},"geometry":{"type":"Point","coordinates":[31.17995,27.18998]}},{"type":"Feature","properties":{"name":"基桑加尼","rank":4,"capital":false},"geometry":{"type":"Point","coordinates":[25.22,0.52001]}},{"type":"Feature","properties":{"name":"阿萨布","rank":4,"capital":false},"geometry":{"type":"Point","coordinates":[42.72999,13.01002]}},{"type":"Feature","properties":{"name":"吉布地","rank":4,"capital":true},"geometry":{"type":"Point","coordinates":[43.148,11.59501]}},{"type":"Feature","properties":{"name":"德累斯顿","rank":4,"capital":false},"geometry":{"type":"Point","coordinates":[13.75,51.04997]}},{"type":"Feature","properties":{"name":"日喀则","rank":4,"capital":false},"geometry":{"type":"Point","coordinates":[88.88335,29.25001]}},{"type":"Feature","properties":{"name":"莎车县","rank":4,"capital":false},"geometry":{"type":"Point","coordinates":[77.25,38.42614]}},{"type":"Feature","properties":{"name":"伊宁","rank":4,"capital":false},"geometry":{"type":"Point","coordinates":[81.35001,43.90002]}},{"type":"Feature","properties":{"name":"阿勒泰","rank":4,"capital":false},"geometry":{"type":"Point","coordinates":[88.11663,47.8666]}},{"type":"Feature","properties":{"name":"布城","rank":4,"capital":false},"geometry":{"type":"Point","coordinates":[101.69504,2.93252]}},{"type":"Feature","properties":{"name":"石嘴山","rank":4,"capital":false},"geometry":{"type":"Point","coordinates":[106.76903,39.23328]}},{"type":"Feature","properties":{"name":"榆林","rank":4,"capital":false},"geometry":{"type":"Point","coordinates":[109.73329,38.28331]}},{"type":"Feature","properties":{"name":"安康","rank":4,"capital":false},"geometry":{"type":"Point","coordinates":[109.02,32.67998]}},{"type":"Feature","properties":{"name":"侯马","rank":4,"capital":false},"geometry":{"type":"Point","coordinates":[111.21,35.61998]}},{"type":"Feature","properties":{"name":"岳阳","rank":4,"capital":false},"geometry":{"type":"Point","coordinates":[113.09807,29.382]}},{"type":"Feature","properties":{"name":"衡阳","rank":4,"capital":false},"geometry":{"type":"Point","coordinates":[112.58807,26.88197]}},{"type":"Feature","properties":{"name":"绵阳","rank":4,"capital":false},"geometry":{"type":"Point","coordinates":[104.68999,31.46483]}},{"type":"Feature","properties":{"name":"西昌","rank":4,"capital":false},"geometry":{"type":"Point","coordinates":[102.3,27.88002]}},{"type":"Feature","properties":{"name":"保山","rank":4,"capital":false},"geometry":{"type":"Point","coordinates":[99.15001,25.11998]}},{"type":"Feature","properties":{"name":"个旧","rank":4,"capital":false},"geometry":{"type":"Point","coordinates":[103.15008,23.37998]}},{"type":"Feature","properties":{"name":"石家庄","rank":4,"capital":false},"geometry":{"type":"Point","coordinates":[114.47803,38.05196]}},{"type":"Feature","properties":{"name":"邯郸","rank":4,"capital":false},"geometry":{"type":"Point","coordinates":[114.47803,36.58192]}},{"type":"Feature","properties":{"name":"鞍山","rank":4,"capital":false},"geometry":{"type":"Point","coordinates":[122.93808,41.11697]}},{"type":"Feature","properties":{"name":"大连","rank":4,"capital":false},"geometry":{"type":"Point","coordinates":[121.62789,38.92478]}},{"type":"Feature","properties":{"name":"青岛","rank":4,"capital":false},"geometry":{"type":"Point","coordinates":[120.32806,36.09193]}},{"type":"Feature","properties":{"name":"临沂","rank":4,"capital":false},"geometry":{"type":"Point","coordinates":[118.32803,35.08194]}},{"type":"Feature","properties":{"name":"淮安","rank":4,"capital":false},"geometry":{"type":"Point","coordinates":[119.06597,33.58516]}},{"type":"Feature","properties":{"name":"温州","rank":4,"capital":false},"geometry":{"type":"Point","coordinates":[120.64815,28.02193]}},{"type":"Feature","properties":{"name":"宁波","rank":4,"capital":false},"geometry":{"type":"Point","coordinates":[121.54809,29.88192]}},{"type":"Feature","properties":{"name":"福冈","rank":4,"capital":false},"geometry":{"type":"Point","coordinates":[130.40807,33.59696]}},{"type":"Feature","properties":{"name":"宫崎","rank":4,"capital":false},"geometry":{"type":"Point","coordinates":[131.41838,31.91824]}},{"type":"Feature","properties":{"name":"那霸","rank":4,"capital":false},"geometry":{"type":"Point","coordinates":[127.67297,26.20717]}},{"type":"Feature","properties":{"name":"高知","rank":4,"capital":false},"geometry":{"type":"Point","coordinates":[133.53752,33.56243]}},{"type":"Feature","properties":{"name":"哥倫打洛","rank":4,"capital":false},"geometry":{"type":"Point","coordinates":[123.07005,0.54998]}},{"type":"Feature","properties":{"name":"通辽","rank":4,"capital":false},"geometry":{"type":"Point","coordinates":[122.26805,43.6219]}},{"type":"Feature","properties":{"name":"呼和浩特","rank":4,"capital":false},"geometry":{"type":"Point","coordinates":[111.65805,40.82192]}},{"type":"Feature","properties":{"name":"赤峰","rank":4,"capital":false},"geometry":{"type":"Point","coordinates":[118.94804,42.27196]}},{"type":"Feature","properties":{"name":"乌兰浩特","rank":4,"capital":false},"geometry":{"type":"Point","coordinates":[122.08003,46.08002]}},{"type":"Feature","properties":{"name":"海拉尔区","rank":4,"capital":false},"geometry":{"type":"Point","coordinates":[119.70002,49.19998]}},{"type":"Feature","properties":{"name":"佳木斯","rank":4,"capital":false},"geometry":{"type":"Point","coordinates":[130.34807,46.83197]}},{"type":"Feature","properties":{"name":"北安","rank":4,"capital":false},"geometry":{"type":"Point","coordinates":[126.5286,48.24626]}},{"type":"Feature","properties":{"name":"大庆","rank":4,"capital":false},"geometry":{"type":"Point","coordinates":[124.99806,46.5819]}},{"type":"Feature","properties":{"name":"鸡西","rank":4,"capital":false},"geometry":{"type":"Point","coordinates":[130.96809,45.30191]}},{"type":"Feature","properties":{"name":"名古屋","rank":4,"capital":false},"geometry":{"type":"Point","coordinates":[136.91305,35.15694]}},{"type":"Feature","properties":{"name":"长野","rank":4,"capital":false},"geometry":{"type":"Point","coordinates":[138.17001,36.65]}},{"type":"Feature","properties":{"name":"钏路","rank":4,"capital":false},"geometry":{"type":"Point","coordinates":[144.37469,42.97496]}},{"type":"Feature","properties":{"name":"函馆","rank":4,"capital":false},"geometry":{"type":"Point","coordinates":[140.73998,41.79498]}},{"type":"Feature","properties":{"name":"京都","rank":4,"capital":false},"geometry":{"type":"Point","coordinates":[135.74805,35.03194]}},{"type":"Feature","properties":{"name":"仙台","rank":4,"capital":false},"geometry":{"type":"Point","coordinates":[140.86967,38.26844]}},{"type":"Feature","properties":{"name":"酒田","rank":4,"capital":false},"geometry":{"type":"Point","coordinates":[139.85006,38.92004]}},{"type":"Feature","properties":{"name":"班顿杜","rank":4,"capital":false},"geometry":{"type":"Point","coordinates":[17.37996,-3.30999]}},{"type":"Feature","properties":{"name":"卡南加","rank":4,"capital":false},"geometry":{"type":"Point","coordinates":[22.39807,-5.8881]}},{"type":"Feature","properties":{"name":"卡松戈","rank":4,"capital":false},"geometry":{"type":"Point","coordinates":[26.66002,-4.45003]}},{"type":"Feature","properties":{"name":"姆布吉马伊","rank":4,"capital":false},"geometry":{"type":"Point","coordinates":[23.59805,-6.14808]}},{"type":"Feature","properties":{"name":"卡莱米","rank":4,"capital":false},"geometry":{"type":"Point","coordinates":[29.20002,-5.9333]}},{"type":"Feature","properties":{"name":"布滕博","rank":4,"capital":false},"geometry":{"type":"Point","coordinates":[29.28001,0.13]}},{"type":"Feature","properties":{"name":"戈马","rank":4,"capital":false},"geometry":{"type":"Point","coordinates":[29.22179,-1.6788]}},{"type":"Feature","properties":{"name":"姆祖祖","rank":4,"capital":false},"geometry":{"type":"Point","coordinates":[34.01998,-11.45999]}},{"type":"Feature","properties":{"name":"布兰太尔","rank":4,"capital":false},"geometry":{"type":"Point","coordinates":[34.98995,-15.79001]}},{"type":"Feature","properties":{"name":"克萨尔特南戈","rank":4,"capital":false},"geometry":{"type":"Point","coordinates":[-91.52001,14.82996]}},{"type":"Feature","properties":{"name":"班竹","rank":4,"capital":true},"geometry":{"type":"Point","coordinates":[-16.5917,13.45388]}},{"type":"Feature","properties":{"name":"法里达巴德","rank":4,"capital":false},"geometry":{"type":"Point","coordinates":[77.31472,28.43528]}},{"type":"Feature","properties":{"name":"斯利那加","rank":4,"capital":false},"geometry":{"type":"Point","coordinates":[74.82831,34.06947]}},{"type":"Feature","properties":{"name":"维杰亚瓦达","rank":4,"capital":false},"geometry":{"type":"Point","coordinates":[80.62806,16.52191]}},{"type":"Feature","properties":{"name":"特里凡得琅","rank":4,"capital":false},"geometry":{"type":"Point","coordinates":[76.92519,8.51552]}},{"type":"Feature","properties":{"name":"戈奇","rank":4,"capital":false},"geometry":{"type":"Point","coordinates":[76.22197,10.01695]}},{"type":"Feature","properties":{"name":"克塔克","rank":4,"capital":false},"geometry":{"type":"Point","coordinates":[85.88994,20.47]}},{"type":"Feature","properties":{"name":"胡布利","rank":4,"capital":false},"geometry":{"type":"Point","coordinates":[75.12307,15.36192]}},{"type":"Feature","properties":{"name":"门格洛尔","rank":4,"capital":false},"geometry":{"type":"Point","coordinates":[74.84999,12.90003]}},{"type":"Feature","properties":{"name":"迈索尔","rank":4,"capital":false},"geometry":{"type":"Point","coordinates":[76.65807,12.31193]}},{"type":"Feature","properties":{"name":"古巴尔嘎","rank":4,"capital":false},"geometry":{"type":"Point","coordinates":[76.82,17.34996]}},{"type":"Feature","properties":{"name":"戈尔哈布尔","rank":4,"capital":false},"geometry":{"type":"Point","coordinates":[74.22001,16.7]}},{"type":"Feature","properties":{"name":"楠代德","rank":4,"capital":false},"geometry":{"type":"Point","coordinates":[77.30834,19.19726]}},{"type":"Feature","properties":{"name":"阿科拉","rank":4,"capital":false},"geometry":{"type":"Point","coordinates":[77.01002,20.70999]}},{"type":"Feature","properties":{"name":"古瓦哈提","rank":4,"capital":false},"geometry":{"type":"Point","coordinates":[91.76805,26.16196]}},{"type":"Feature","properties":{"name":"卡耶斯","rank":4,"capital":false},"geometry":{"type":"Point","coordinates":[13.28001,-4.18002]}},{"type":"Feature","properties":{"name":"弗朗斯维尔","rank":4,"capital":false},"geometry":{"type":"Point","coordinates":[13.58329,-1.6333]}},{"type":"Feature","properties":{"name":"波尔多","rank":4,"capital":false},"geometry":{"type":"Point","coordinates":[-0.59696,44.85196]}},{"type":"Feature","properties":{"name":"马赛","rank":4,"capital":false},"geometry":{"type":"Point","coordinates":[5.37306,43.29192]}},{"type":"Feature","properties":{"name":"勒阿弗尔","rank":4,"capital":false},"geometry":{"type":"Point","coordinates":[0.10497,49.50497]}},{"type":"Feature","properties":{"name":"加奥","rank":4,"capital":false},"geometry":{"type":"Point","coordinates":[-0.05001,16.26659]}},{"type":"Feature","properties":{"name":"科伊艾克","rank":4,"capital":false},"geometry":{"type":"Point","coordinates":[-72.07,-45.57]}},{"type":"Feature","properties":{"name":"阿里卡","rank":4,"capital":false},"geometry":{"type":"Point","coordinates":[-70.28998,-18.50002]}},{"type":"Feature","properties":{"name":"科皮亚波","rank":4,"capital":false},"geometry":{"type":"Point","coordinates":[-70.32995,-27.37178]}},{"type":"Feature","properties":{"name":"拉塞雷纳","rank":4,"capital":false},"geometry":{"type":"Point","coordinates":[-71.24998,-29.9]}},{"type":"Feature","properties":{"name":"洛桑赫莱斯","rank":4,"capital":false},"geometry":{"type":"Point","coordinates":[-72.34692,-37.47974]}},{"type":"Feature","properties":{"name":"納沙斯瓦哥","rank":4,"capital":false},"geometry":{"type":"Point","coordinates":[-45.41662,61.16659]}},{"type":"Feature","properties":{"name":"西西缪特","rank":4,"capital":false},"geometry":{"type":"Point","coordinates":[-53.66661,66.95001]}},{"type":"Feature","properties":{"name":"乌佩纳维克","rank":4,"capital":false},"geometry":{"type":"Point","coordinates":[-56.14168,72.70937]}},{"type":"Feature","properties":{"name":"卡纳克","rank":4,"capital":false},"geometry":{"type":"Point","coordinates":[-69.22964,77.46655]}},{"type":"Feature","properties":{"name":"努瓦迪布","rank":4,"capital":false},"geometry":{"type":"Point","coordinates":[-17.05602,20.9]}},{"type":"Feature","properties":{"name":"卡伊","rank":4,"capital":false},"geometry":{"type":"Point","coordinates":[-11.44001,14.44998]}},{"type":"Feature","properties":{"name":"阿尤恩阿特魯斯","rank":4,"capital":false},"geometry":{"type":"Point","coordinates":[-9.61666,16.66659]}},{"type":"Feature","properties":{"name":"塞古","rank":4,"capital":false},"geometry":{"type":"Point","coordinates":[-6.26002,13.43999]}},{"type":"Feature","properties":{"name":"斯科普里","rank":4,"capital":true},"geometry":{"type":"Point","coordinates":[21.43346,42.00001]}},{"type":"Feature","properties":{"name":"焦夫","rank":4,"capital":false},"geometry":{"type":"Point","coordinates":[23.28999,24.19998]}},{"type":"Feature","properties":{"name":"马萨","rank":4,"capital":false},"geometry":{"type":"Point","coordinates":[15.80001,26.36665]}},{"type":"Feature","properties":{"name":"米苏拉塔","rank":4,"capital":false},"geometry":{"type":"Point","coordinates":[15.1,32.37997]}},{"type":"Feature","properties":{"name":"祖瓦拉","rank":4,"capital":false},"geometry":{"type":"Point","coordinates":[12.07915,32.93441]}},{"type":"Feature","properties":{"name":"基尔库克","rank":4,"capital":false},"geometry":{"type":"Point","coordinates":[44.39227,35.47224]}},{"type":"Feature","properties":{"name":"摩苏尔","rank":4,"capital":false},"geometry":{"type":"Point","coordinates":[43.14306,36.34695]}},{"type":"Feature","properties":{"name":"纳杰夫","rank":4,"capital":false},"geometry":{"type":"Point","coordinates":[44.33537,32.00033]}},{"type":"Feature","properties":{"name":"巴赫达尔","rank":4,"capital":false},"geometry":{"type":"Point","coordinates":[37.38329,11.60005]}},{"type":"Feature","properties":{"name":"默克莱","rank":4,"capital":false},"geometry":{"type":"Point","coordinates":[39.46998,13.49999]}},{"type":"Feature","properties":{"name":"德雷达瓦","rank":4,"capital":false},"geometry":{"type":"Point","coordinates":[41.86002,9.58999]}},{"type":"Feature","properties":{"name":"罗瓦涅米","rank":4,"capital":false},"geometry":{"type":"Point","coordinates":[25.71594,66.50004]}},{"type":"Feature","properties":{"name":"瓦萨","rank":4,"capital":false},"geometry":{"type":"Point","coordinates":[21.60001,63.09998]}},{"type":"Feature","properties":{"name":"坦佩雷","rank":4,"capital":false},"geometry":{"type":"Point","coordinates":[23.75001,61.5]}},{"type":"Feature","properties":{"name":"阿克托比","rank":4,"capital":false},"geometry":{"type":"Point","coordinates":[57.16999,50.28002]}},{"type":"Feature","properties":{"name":"鲁德内","rank":4,"capital":false},"geometry":{"type":"Point","coordinates":[63.13004,52.9527]}},{"type":"Feature","properties":{"name":"克孜勒奥尔达","rank":4,"capital":false},"geometry":{"type":"Point","coordinates":[65.46499,44.80002]}},{"type":"Feature","properties":{"name":"阿特劳","rank":4,"capital":false},"geometry":{"type":"Point","coordinates":[51.92002,47.11269]}},{"type":"Feature","properties":{"name":"埃基巴斯图兹","rank":4,"capital":false},"geometry":{"type":"Point","coordinates":[75.31994,51.72998]}},{"type":"Feature","properties":{"name":"巴甫洛达尔","rank":4,"capital":false},"geometry":{"type":"Point","coordinates":[76.95002,52.3]}},{"type":"Feature","properties":{"name":"塞米伊","rank":4,"capital":false},"geometry":{"type":"Point","coordinates":[80.27504,50.435]}},{"type":"Feature","properties":{"name":"厄斯克门","rank":4,"capital":false},"geometry":{"type":"Point","coordinates":[82.61495,49.99004]}},{"type":"Feature","properties":{"name":"亚兹德","rank":4,"capital":false},"geometry":{"type":"Point","coordinates":[54.37,31.92005]}},{"type":"Feature","properties":{"name":"阿瓦士","rank":4,"capital":false},"geometry":{"type":"Point","coordinates":[48.71807,31.28193]}},{"type":"Feature","properties":{"name":"巴士拉","rank":4,"capital":false},"geometry":{"type":"Point","coordinates":[47.81161,30.51547]}},{"type":"Feature","properties":{"name":"阿巴斯港","rank":4,"capital":false},"geometry":{"type":"Point","coordinates":[56.27214,27.20406]}},{"type":"Feature","properties":{"name":"哈马丹","rank":4,"capital":false},"geometry":{"type":"Point","coordinates":[48.51501,34.79603]}},{"type":"Feature","properties":{"name":"大不里士","rank":4,"capital":false},"geometry":{"type":"Point","coordinates":[46.2993,38.08824]}},{"type":"Feature","properties":{"name":"卢迪亚纳","rank":4,"capital":false},"geometry":{"type":"Point","coordinates":[75.87031,30.92971]}},{"type":"Feature","properties":{"name":"科塔","rank":4,"capital":false},"geometry":{"type":"Point","coordinates":[75.83305,25.18195]}},{"type":"Feature","properties":{"name":"焦特布尔","rank":4,"capital":false},"geometry":{"type":"Point","coordinates":[73.01483,26.29371]}},{"type":"Feature","properties":{"name":"希姆肯特","rank":4,"capital":false},"geometry":{"type":"Point","coordinates":[69.59502,42.32001]}},{"type":"Feature","properties":{"name":"塔拉兹","rank":4,"capital":false},"geometry":{"type":"Point","coordinates":[71.36499,42.89998]}},{"type":"Feature","properties":{"name":"勒克瑙","rank":4,"capital":false},"geometry":{"type":"Point","coordinates":[80.91305,26.85698]}},{"type":"Feature","properties":{"name":"萨哈兰普尔","rank":4,"capital":false},"geometry":{"type":"Point","coordinates":[77.55004,29.97002]}},{"type":"Feature","properties":{"name":"兰契","rank":4,"capital":false},"geometry":{"type":"Point","coordinates":[85.32808,23.37195]}},{"type":"Feature","properties":{"name":"帕格尔布尔","rank":4,"capital":false},"geometry":{"type":"Point","coordinates":[86.98,25.23]}},{"type":"Feature","properties":{"name":"赖布尔","rank":4,"capital":false},"geometry":{"type":"Point","coordinates":[81.63306,21.23694]}},{"type":"Feature","properties":{"name":"贾巴尔普尔","rank":4,"capital":false},"geometry":{"type":"Point","coordinates":[79.95311,23.177]}},{"type":"Feature","properties":{"name":"因多尔","rank":4,"capital":false},"geometry":{"type":"Point","coordinates":[75.86308,22.71701]}},{"type":"Feature","properties":{"name":"本地治里","rank":4,"capital":false},"geometry":{"type":"Point","coordinates":[79.83,11.93499]}},{"type":"Feature","properties":{"name":"萨兰姆","rank":4,"capital":false},"geometry":{"type":"Point","coordinates":[78.17813,11.67194]}},{"type":"Feature","properties":{"name":"蒂鲁吉拉帕利","rank":4,"capital":false},"geometry":{"type":"Point","coordinates":[78.68751,10.80054]}},{"type":"Feature","properties":{"name":"黑角","rank":4,"capital":false},"geometry":{"type":"Point","coordinates":[11.88004,-4.77001]}},{"type":"Feature","properties":{"name":"坎坎","rank":4,"capital":false},"geometry":{"type":"Point","coordinates":[-9.31001,10.39]}},{"type":"Feature","properties":{"name":"恩泽雷科雷","rank":4,"capital":false},"geometry":{"type":"Point","coordinates":[-8.82999,7.76]}},{"type":"Feature","properties":{"name":"布瓦凯","rank":4,"capital":false},"geometry":{"type":"Point","coordinates":[-5.03001,7.68998]}},{"type":"Feature","properties":{"name":"圣但尼","rank":4,"capital":false},"geometry":{"type":"Point","coordinates":[55.44808,-20.87889]}},{"type":"Feature","properties":{"name":"里约布兰科","rank":4,"capital":false},"geometry":{"type":"Point","coordinates":[-67.80001,-9.96659]}},{"type":"Feature","properties":{"name":"圣路易斯","rank":4,"capital":false},"geometry":{"type":"Point","coordinates":[-44.26794,-2.51404]}},{"type":"Feature","properties":{"name":"韦柳港","rank":4,"capital":false},"geometry":{"type":"Point","coordinates":[-63.90001,-8.75002]}},{"type":"Feature","properties":{"name":"阿尔沃拉达","rank":4,"capital":false},"geometry":{"type":"Point","coordinates":[-49.082,-12.47]}},{"type":"Feature","properties":{"name":"科伦巴","rank":4,"capital":false},"geometry":{"type":"Point","coordinates":[-57.65001,-19.01601]}},{"type":"Feature","properties":{"name":"贝洛奥里藏特","rank":4,"capital":false},"geometry":{"type":"Point","coordinates":[-43.91695,-19.91308]}},{"type":"Feature","properties":{"name":"蒙蒂斯克拉鲁斯","rank":4,"capital":false},"geometry":{"type":"Point","coordinates":[-43.86002,-16.72003]}},{"type":"Feature","properties":{"name":"乌贝兰迪亚","rank":4,"capital":false},"geometry":{"type":"Point","coordinates":[-48.27998,-18.9]}},{"type":"Feature","properties":{"name":"科利德尔","rank":4,"capital":false},"geometry":{"type":"Point","coordinates":[-55.45058,-10.81729]}},{"type":"Feature","properties":{"name":"上弗洛雷斯塔","rank":4,"capital":false},"geometry":{"type":"Point","coordinates":[-55.90998,-9.90003]}},{"type":"Feature","properties":{"name":"库亚巴","rank":4,"capital":false},"geometry":{"type":"Point","coordinates":[-56.08693,-15.56766]}},{"type":"Feature","properties":{"name":"佩洛塔斯","rank":4,"capital":false},"geometry":{"type":"Point","coordinates":[-52.33002,-31.75001]}},{"type":"Feature","properties":{"name":"南卡希亚斯","rank":4,"capital":false},"geometry":{"type":"Point","coordinates":[-51.17004,-29.17999]}},{"type":"Feature","properties":{"name":"蓬塔格罗萨","rank":4,"capital":false},"geometry":{"type":"Point","coordinates":[-50.16005,-25.09001]}},{"type":"Feature","properties":{"name":"特雷西纳","rank":4,"capital":false},"geometry":{"type":"Point","coordinates":[-42.78196,-5.09305]}},{"type":"Feature","properties":{"name":"马塞约","rank":4,"capital":false},"geometry":{"type":"Point","coordinates":[-35.73192,-9.61805]}},{"type":"Feature","properties":{"name":"维多利亚-达孔基斯塔","rank":4,"capital":false},"geometry":{"type":"Point","coordinates":[-40.84,-14.85001]}},{"type":"Feature","properties":{"name":"巴雷拉斯","rank":4,"capital":false},"geometry":{"type":"Point","coordinates":[-45.0,-12.14]}},{"type":"Feature","properties":{"name":"韦利亚镇","rank":4,"capital":false},"geometry":{"type":"Point","coordinates":[-40.29023,-20.33805]}},{"type":"Feature","properties":{"name":"纳塔尔","rank":4,"capital":false},"geometry":{"type":"Point","coordinates":[-35.24195,-5.77808]}},{"type":"Feature","properties":{"name":"汤普森","rank":4,"capital":false},"geometry":{"type":"Point","coordinates":[-97.86662,55.74994]}},{"type":"Feature","properties":{"name":"布兰登","rank":4,"capital":false},"geometry":{"type":"Point","coordinates":[-99.94998,49.83327]}},{"type":"Feature","properties":{"name":"史密斯堡","rank":4,"capital":false},"geometry":{"type":"Point","coordinates":[-111.88334,60.00002]}},{"type":"Feature","properties":{"name":"麦克默里堡","rank":4,"capital":false},"geometry":{"type":"Point","coordinates":[-111.38332,56.73332]}},{"type":"Feature","properties":{"name":"皮斯里弗","rank":4,"capital":false},"geometry":{"type":"Point","coordinates":[-117.28329,56.23332]}},{"type":"Feature","properties":{"name":"圣约翰堡","rank":4,"capital":false},"geometry":{"type":"Point","coordinates":[-120.83328,56.24999]}},{"type":"Feature","properties":{"name":"伊魁特","rank":4,"capital":false},"geometry":{"type":"Point","coordinates":[-68.50019,63.75046]}},{"type":"Feature","properties":{"name":"剑桥湾","rank":4,"capital":false},"geometry":{"type":"Point","coordinates":[-105.03332,69.11696]}},{"type":"Feature","properties":{"name":"库格鲁克图克","rank":4,"capital":false},"geometry":{"type":"Point","coordinates":[-115.12535,67.79866]}},{"type":"Feature","properties":{"name":"切斯特菲尔德入口","rank":4,"capital":false},"geometry":{"type":"Point","coordinates":[-90.70008,63.33829]}},{"type":"Feature","properties":{"name":"亚怀亚特","rank":4,"capital":false},"geometry":{"type":"Point","coordinates":[-94.05861,61.10859]}},{"type":"Feature","properties":{"name":"塔洛約克","rank":4,"capital":false},"geometry":{"type":"Point","coordinates":[-93.53332,69.53331]}},{"type":"Feature","properties":{"name":"伊格卢利克","rank":4,"capital":false},"geometry":{"type":"Point","coordinates":[-81.79359,69.25654]}},{"type":"Feature","properties":{"name":"道森","rank":4,"capital":false},"geometry":{"type":"Point","coordinates":[-139.41667,64.06664]}},{"type":"Feature","properties":{"name":"蒂明斯","rank":4,"capital":false},"geometry":{"type":"Point","coordinates":[-81.33331,48.46659]}},{"type":"Feature","properties":{"name":"北湾","rank":4,"capital":false},"geometry":{"type":"Point","coordinates":[-79.44999,46.3]}},{"type":"Feature","properties":{"name":"库居阿尔阿皮克","rank":4,"capital":false},"geometry":{"type":"Point","coordinates":[-77.76583,55.2815]}},{"type":"Feature","properties":{"name":"库朱瓦克","rank":4,"capital":false},"geometry":{"type":"Point","coordinates":[-68.4,58.10001]}},{"type":"Feature","properties":{"name":"悉尼","rank":4,"capital":false},"geometry":{"type":"Point","coordinates":[-60.17998,46.06611]}},{"type":"Feature","properties":{"name":"拉布拉多","rank":4,"capital":false},"geometry":{"type":"Point","coordinates":[-66.91587,52.94143]}},{"type":"Feature","properties":{"name":"埃博洛瓦","rank":4,"capital":false},"geometry":{"type":"Point","coordinates":[11.15001,2.90002]}},{"type":"Feature","properties":{"name":"班巴里","rank":4,"capital":false},"geometry":{"type":"Point","coordinates":[20.6672,5.76196]}},{"type":"Feature","properties":{"name":"威尼斯","rank":4,"capital":false},"geometry":{"type":"Point","coordinates":[12.335,45.43866]}},{"type":"Feature","properties":{"name":"埃尔卡拉法特","rank":4,"capital":false},"geometry":{"type":"Point","coordinates":[-72.30002,-50.33332]}},{"type":"Feature","properties":{"name":"圣胡安","rank":4,"capital":false},"geometry":{"type":"Point","coordinates":[-68.51999,-31.55003]}},{"type":"Feature","properties":{"name":"罗森","rank":4,"capital":false},"geometry":{"type":"Point","coordinates":[-65.09999,-43.30001]}},{"type":"Feature","properties":{"name":"内乌肯","rank":4,"capital":false},"geometry":{"type":"Point","coordinates":[-68.05999,-38.95004]}},{"type":"Feature","properties":{"name":"特立尼达","rank":4,"capital":false},"geometry":{"type":"Point","coordinates":[-64.89998,-14.83337]}},{"type":"Feature","properties":{"name":"圣罗莎","rank":4,"capital":false},"geometry":{"type":"Point","coordinates":[-64.29999,-36.62]}},{"type":"Feature","properties":{"name":"圣卡洛斯-德巴里洛切","rank":4,"capital":false},"geometry":{"type":"Point","coordinates":[-71.3,-41.14996]}},{"type":"Feature","properties":{"name":"萨尔塔","rank":4,"capital":false},"geometry":{"type":"Point","coordinates":[-65.41664,-24.78336]}},{"type":"Feature","properties":{"name":"圣米格尔-德-图库曼","rank":4,"capital":false},"geometry":{"type":"Point","coordinates":[-65.21857,-26.81405]}},{"type":"Feature","properties":{"name":"福莫萨","rank":4,"capital":false},"geometry":{"type":"Point","coordinates":[-58.18282,-26.17284]}},{"type":"Feature","properties":{"name":"圣菲","rank":4,"capital":false},"geometry":{"type":"Point","coordinates":[-60.69,-31.62387]}},{"type":"Feature","properties":{"name":"罗萨里奥","rank":4,"capital":false},"geometry":{"type":"Point","coordinates":[-60.66825,-32.94918]}},{"type":"Feature","properties":{"name":"坎皮纳斯","rank":4,"capital":false},"geometry":{"type":"Point","coordinates":[-47.05589,-22.9079]}},{"type":"Feature","properties":{"name":"索罗卡巴","rank":4,"capital":false},"geometry":{"type":"Point","coordinates":[-47.46998,-23.49]}},{"type":"Feature","properties":{"name":"里贝朗普雷图","rank":4,"capital":false},"geometry":{"type":"Point","coordinates":[-47.82999,-21.17004]}},{"type":"Feature","properties":{"name":"彼得罗利纳","rank":4,"capital":false},"geometry":{"type":"Point","coordinates":[-40.50997,-9.38001]}},{"type":"Feature","properties":{"name":"巴门达","rank":4,"capital":false},"geometry":{"type":"Point","coordinates":[10.15002,5.95998]}},{"type":"Feature","properties":{"name":"加鲁阿","rank":4,"capital":false},"geometry":{"type":"Point","coordinates":[13.39002,9.30001]}},{"type":"Feature","properties":{"name":"赫拉特","rank":4,"capital":false},"geometry":{"type":"Point","coordinates":[62.16999,34.33001]}},{"type":"Feature","properties":{"name":"马扎里沙里夫","rank":4,"capital":false},"geometry":{"type":"Point","coordinates":[67.10003,36.69999]}},{"type":"Feature","properties":{"name":"马德望","rank":4,"capital":false},"geometry":{"type":"Point","coordinates":[103.20005,13.10001]}},{"type":"Feature","properties":{"name":"暹粒","rank":4,"capital":false},"geometry":{"type":"Point","coordinates":[103.85003,13.36664]}},{"type":"Feature","properties":{"name":"马兰哲","rank":4,"capital":false},"geometry":{"type":"Point","coordinates":[16.34003,-9.54]}},{"type":"Feature","properties":{"name":"本格拉","rank":4,"capital":false},"geometry":{"type":"Point","coordinates":[13.40723,-12.57826]}},{"type":"Feature","properties":{"name":"盧班戈","rank":4,"capital":false},"geometry":{"type":"Point","coordinates":[13.49002,-14.91001]}},{"type":"Feature","properties":{"name":"纳米贝","rank":4,"capital":false},"geometry":{"type":"Point","coordinates":[12.16002,-15.19004]}},{"type":"Feature","properties":{"name":"塔里哈","rank":4,"capital":false},"geometry":{"type":"Point","coordinates":[-64.74999,-21.51669]}},{"type":"Feature","properties":{"name":"布里奇顿","rank":4,"capital":true},"geometry":{"type":"Point","coordinates":[-59.61653,13.102]}},{"type":"Feature","properties":{"name":"安纳巴","rank":4,"capital":false},"geometry":{"type":"Point","coordinates":[7.75998,36.92001]}},{"type":"Feature","properties":{"name":"帕拉库","rank":4,"capital":false},"geometry":{"type":"Point","coordinates":[2.62004,9.34001]}},{"type":"Feature","properties":{"name":"波多诺伏","rank":4,"capital":false},"geometry":{"type":"Point","coordinates":[2.61663,6.48331]}},{"type":"Feature","properties":{"name":"君士坦丁","rank":4,"capital":false},"geometry":{"type":"Point","coordinates":[6.59995,36.35999]}},{"type":"Feature","properties":{"name":"布列斯特","rank":4,"capital":false},"geometry":{"type":"Point","coordinates":[23.69999,52.09998]}},{"type":"Feature","properties":{"name":"库尔纳","rank":4,"capital":false},"geometry":{"type":"Point","coordinates":[89.55805,22.84193]}},{"type":"Feature","properties":{"name":"弗朗西斯敦","rank":4,"capital":false},"geometry":{"type":"Point","coordinates":[27.50002,-21.17004]}},{"type":"Feature","properties":{"name":"马哈拉佩","rank":4,"capital":false},"geometry":{"type":"Point","coordinates":[26.82001,-23.1]}},{"type":"Feature","properties":{"name":"塞罗韦","rank":4,"capital":false},"geometry":{"type":"Point","coordinates":[26.71004,-22.39002]}},{"type":"Feature","properties":{"name":"凱瑟琳","rank":4,"capital":false},"geometry":{"type":"Point","coordinates":[132.26659,-14.46662]}},{"type":"Feature","properties":{"name":"巴瑟尔顿","rank":4,"capital":false},"geometry":{"type":"Point","coordinates":[115.34866,-33.65641]}},{"type":"Feature","properties":{"name":"曼杜拉","rank":4,"capital":false},"geometry":{"type":"Point","coordinates":[115.74706,-32.52348]}},{"type":"Feature","properties":{"name":"布鲁姆","rank":4,"capital":false},"geometry":{"type":"Point","coordinates":[122.23077,-17.96177]}},{"type":"Feature","properties":{"name":"卡尔古利","rank":4,"capital":false},"geometry":{"type":"Point","coordinates":[121.46002,-30.7354]}},{"type":"Feature","properties":{"name":"奥班尼","rank":4,"capital":false},"geometry":{"type":"Point","coordinates":[117.8916,-35.01695]}},{"type":"Feature","properties":{"name":"黑德蘭港姆","rank":4,"capital":false},"geometry":{"type":"Point","coordinates":[118.60603,-20.3104]}},{"type":"Feature","properties":{"name":"卡拉萨","rank":4,"capital":false},"geometry":{"type":"Point","coordinates":[116.87001,-20.73038]}},{"type":"Feature","properties":{"name":"杰拉尔顿","rank":4,"capital":false},"geometry":{"type":"Point","coordinates":[114.59997,-28.76663]}},{"type":"Feature","properties":{"name":"葛瑞菲斯","rank":4,"capital":false},"geometry":{"type":"Point","coordinates":[146.04002,-34.29001]}},{"type":"Feature","properties":{"name":"奥兰治","rank":4,"capital":false},"geometry":{"type":"Point","coordinates":[149.09998,-33.28]}},{"type":"Feature","properties":{"name":"达博","rank":4,"capital":false},"geometry":{"type":"Point","coordinates":[148.59733,-32.25996]}},{"type":"Feature","properties":{"name":"阿米代尔","rank":4,"capital":false},"geometry":{"type":"Point","coordinates":[151.66748,-30.51231]}},{"type":"Feature","properties":{"name":"布罗肯希尔","rank":4,"capital":false},"geometry":{"type":"Point","coordinates":[141.43311,-31.94995]}},{"type":"Feature","properties":{"name":"林肯港","rank":4,"capital":false},"geometry":{"type":"Point","coordinates":[135.86658,-34.73324]}},{"type":"Feature","properties":{"name":"怀阿拉","rank":4,"capital":false},"geometry":{"type":"Point","coordinates":[137.56141,-33.02503]}},{"type":"Feature","properties":{"name":"波特兰","rank":4,"capital":false},"geometry":{"type":"Point","coordinates":[141.59,-38.34]}},{"type":"Feature","properties":{"name":"本迪戈","rank":4,"capital":false},"geometry":{"type":"Point","coordinates":[144.28002,-36.75999]}},{"type":"Feature","properties":{"name":"旺加拉塔","rank":4,"capital":false},"geometry":{"type":"Point","coordinates":[146.3,-36.36002]}},{"type":"Feature","properties":{"name":"温多拉","rank":4,"capital":false},"geometry":{"type":"Point","coordinates":[142.6502,-25.43324]}},{"type":"Feature","properties":{"name":"伊萨山","rank":4,"capital":false},"geometry":{"type":"Point","coordinates":[139.49003,-20.72387]}},{"type":"Feature","properties":{"name":"洛坎普顿","rank":4,"capital":false},"geometry":{"type":"Point","coordinates":[150.52,-23.36391]}},{"type":"Feature","properties":{"name":"凯恩斯","rank":4,"capital":false},"geometry":{"type":"Point","coordinates":[145.76333,-16.88784]}},{"type":"Feature","properties":{"name":"黄金海岸","rank":4,"capital":false},"geometry":{"type":"Point","coordinates":[153.44825,-28.0815]}},{"type":"Feature","properties":{"name":"德文港","rank":4,"capital":false},"geometry":{"type":"Point","coordinates":[146.3311,-41.19267]}},{"type":"Feature","properties":{"name":"博博迪乌拉索","rank":4,"capital":false},"geometry":{"type":"Point","coordinates":[-4.28998,11.17998]}},{"type":"Feature","properties":{"name":"拉杰沙希","rank":4,"capital":false},"geometry":{"type":"Point","coordinates":[88.60307,24.37693]}},{"type":"Feature","properties":{"name":"曼德勒","rank":4,"capital":false},"geometry":{"type":"Point","coordinates":[96.08308,21.97193]}},{"type":"Feature","properties":{"name":"实兑","rank":4,"capital":false},"geometry":{"type":"Point","coordinates":[92.88,20.14]}},{"type":"Feature","properties":{"name":"布琼布拉","rank":4,"capital":true},"geometry":{"type":"Point","coordinates":[29.36001,-3.37609]}},{"type":"Feature","properties":{"name":"帕果帕果","rank":4,"capital":false},"geometry":{"type":"Point","coordinates":[-170.70665,-14.27661]}},{"type":"Feature","properties":{"name":"金斯敦","rank":4,"capital":true},"geometry":{"type":"Point","coordinates":[-61.22024,13.15576]}},{"type":"Feature","properties":{"name":"卡斯特里","rank":4,"capital":true},"geometry":{"type":"Point","coordinates":[-60.99288,14.00787]}},{"type":"Feature","properties":{"name":"巴斯特尔","rank":4,"capital":true},"geometry":{"type":"Point","coordinates":[-62.71701,17.30203]}},{"type":"Feature","properties":{"name":"拉斯帕尔马斯","rank":4,"capital":false},"geometry":{"type":"Point","coordinates":[-15.43,28.09998]}},{"type":"Feature","properties":{"name":"柏培拉","rank":4,"capital":false},"geometry":{"type":"Point","coordinates":[45.01641,10.43555]}},{"type":"Feature","properties":{"name":"路易港","rank":4,"capital":true},"geometry":{"type":"Point","coordinates":[57.49999,-20.16664]}},{"type":"Feature","properties":{"name":"加薩","rank":4,"capital":false},"geometry":{"type":"Point","coordinates":[34.44502,31.53]}},{"type":"Feature","properties":{"name":"圣乔治","rank":4,"capital":true},"geometry":{"type":"Point","coordinates":[-61.74164,12.05263]}},{"type":"Feature","properties":{"name":"帕皮提","rank":4,"capital":false},"geometry":{"type":"Point","coordinates":[-149.56667,-17.53336]}},{"type":"Feature","properties":{"name":"麦纳麦","rank":4,"capital":true},"geometry":{"type":"Point","coordinates":[50.58305,26.23614]}},{"type":"Feature","properties":{"name":"自由港","rank":4,"capital":false},"geometry":{"type":"Point","coordinates":[-78.70001,26.53328]}},{"type":"Feature","properties":{"name":"圣约翰","rank":4,"capital":true},"geometry":{"type":"Point","coordinates":[-61.85003,17.11804]}},{"type":"Feature","properties":{"name":"台中","rank":4,"capital":false},"geometry":{"type":"Point","coordinates":[120.68167,24.15208]}},{"type":"Feature","properties":{"name":"科兹科德","rank":3,"capital":false},"geometry":{"type":"Point","coordinates":[75.76804,11.25238]}},{"type":"Feature","properties":{"name":"布巴内什瓦尔","rank":3,"capital":false},"geometry":{"type":"Point","coordinates":[85.82541,20.27237]}},{"type":"Feature","properties":{"name":"贾姆谢德布尔","rank":3,"capital":false},"geometry":{"type":"Point","coordinates":[86.19557,22.78948]}},{"type":"Feature","properties":{"name":"蒙得维的亚","rank":3,"capital":true},"geometry":{"type":"Point","coordinates":[-56.18682,-34.90538]}},{"type":"Feature","properties":{"name":"赫勒拿","rank":3,"capital":false},"geometry":{"type":"Point","coordinates":[-112.03529,46.59275]}},{"type":"Feature","properties":{"name":"俾斯麦","rank":3,"capital":false},"geometry":{"type":"Point","coordinates":[-100.78332,46.80832]}},{"type":"Feature","properties":{"name":"博伊西","rank":3,"capital":false},"geometry":{"type":"Point","coordinates":[-116.22749,43.60859]}},{"type":"Feature","properties":{"name":"圣何塞","rank":3,"capital":false},"geometry":{"type":"Point","coordinates":[-121.88818,37.33094]}},{"type":"Feature","properties":{"name":"沙加缅度","rank":3,"capital":false},"geometry":{"type":"Point","coordinates":[-121.47198,38.57697]}},{"type":"Feature","properties":{"name":"拉斯维加斯","rank":3,"capital":false},"geometry":{"type":"Point","coordinates":[-115.15136,36.16476]}},{"type":"Feature","properties":{"name":"圣菲","rank":3,"capital":false},"geometry":{"type":"Point","coordinates":[-105.93724,35.68693]}},{"type":"Feature","properties":{"name":"波特兰","rank":3,"capital":false},"geometry":{"type":"Point","coordinates":[-122.68194,45.52197]}},{"type":"Feature","properties":{"name":"盐湖城","rank":3,"capital":false},"geometry":{"type":"Point","coordinates":[-111.932,40.77696]}},{"type":"Feature","properties":{"name":"夏延","rank":3,"capital":false},"geometry":{"type":"Point","coordinates":[-104.81971,41.14001]}},{"type":"Feature","properties":{"name":"德梅因","rank":3,"capital":false},"geometry":{"type":"Point","coordinates":[-93.61998,41.57998]}},{"type":"Feature","properties":{"name":"奥马哈","rank":3,"capital":false},"geometry":{"type":"Point","coordinates":[-96.00999,41.24]}},{"type":"Feature","properties":{"name":"奧克拉荷馬","rank":3,"capital":false},"geometry":{"type":"Point","coordinates":[-97.52063,35.47199]}},{"type":"Feature","properties":{"name":"皮尔","rank":3,"capital":false},"geometry":{"type":"Point","coordinates":[-100.35055,44.36834]}},{"type":"Feature","properties":{"name":"圣安东尼奥","rank":3,"capital":false},"geometry":{"type":"Point","coordinates":[-98.49269,29.41985]}},{"type":"Feature","properties":{"name":"圣克里斯托瓦尔","rank":3,"capital":false},"geometry":{"type":"Point","coordinates":[-72.24997,7.77]}},{"type":"Feature","properties":{"name":"巴伦西亚","rank":3,"capital":false},"geometry":{"type":"Point","coordinates":[-67.98197,10.23193]}},{"type":"Feature","properties":{"name":"杰克逊","rank":3,"capital":false},"geometry":{"type":"Point","coordinates":[-90.185,32.29882]}},{"type":"Feature","properties":{"name":"罗利","rank":3,"capital":false},"geometry":{"type":"Point","coordinates":[-78.64703,35.7727]}},{"type":"Feature","properties":{"name":"克里夫兰","rank":3,"capital":false},"geometry":{"type":"Point","coordinates":[-81.69694,41.47193]}},{"type":"Feature","properties":{"name":"辛辛那提","rank":3,"capital":false},"geometry":{"type":"Point","coordinates":[-84.45887,39.16383]}},{"type":"Feature","properties":{"name":"纳什维尔","rank":3,"capital":false},"geometry":{"type":"Point","coordinates":[-86.78193,36.17192]}},{"type":"Feature","properties":{"name":"孟菲斯","rank":3,"capital":false},"geometry":{"type":"Point","coordinates":[-90.02878,35.1447]}},{"type":"Feature","properties":{"name":"諾福克","rank":3,"capital":false},"geometry":{"type":"Point","coordinates":[-76.28001,36.84996]}},{"type":"Feature","properties":{"name":"密尔沃基","rank":3,"capital":false},"geometry":{"type":"Point","coordinates":[-87.91667,43.02961]}},{"type":"Feature","properties":{"name":"水牛城","rank":3,"capital":false},"geometry":{"type":"Point","coordinates":[-78.88195,42.88192]}},{"type":"Feature","properties":{"name":"匹兹堡","rank":3,"capital":false},"geometry":{"type":"Point","coordinates":[-80.00193,40.43194]}},{"type":"Feature","properties":{"name":"圭亚那城","rank":3,"capital":false},"geometry":{"type":"Point","coordinates":[-62.61999,8.37002]}},{"type":"Feature","properties":{"name":"洛美","rank":3,"capital":true},"geometry":{"type":"Point","coordinates":[1.22081,6.13388]}},{"type":"Feature","properties":{"name":"突尼斯","rank":3,"capital":true},"geometry":{"type":"Point","coordinates":[10.17968,36.80278]}},{"type":"Feature","properties":{"name":"科迪亚克","rank":3,"capital":false},"geometry":{"type":"Point","coordinates":[-152.40699,57.79]}},{"type":"Feature","properties":{"name":"冷湾","rank":3,"capital":false},"geometry":{"type":"Point","coordinates":[-162.71509,55.2]}},{"type":"Feature","properties":{"name":"伯特利","rank":3,"capital":false},"geometry":{"type":"Point","coordinates":[-161.7558,60.7933]}},{"type":"Feature","properties":{"name":"波因特霍普","rank":3,"capital":false},"geometry":{"type":"Point","coordinates":[-166.80802,68.34773]}},{"type":"Feature","properties":{"name":"巴罗","rank":3,"capital":false},"geometry":{"type":"Point","coordinates":[-156.78858,71.29057]}},{"type":"Feature","properties":{"name":"诺姆","rank":3,"capital":false},"geometry":{"type":"Point","coordinates":[-165.40637,64.5061]}},{"type":"Feature","properties":{"name":"瓦尔迪兹","rank":3,"capital":false},"geometry":{"type":"Point","coordinates":[-146.34829,61.136]}},{"type":"Feature","properties":{"name":"朱諾","rank":3,"capital":false},"geometry":{"type":"Point","coordinates":[-134.40071,58.30339]}},{"type":"Feature","properties":{"name":"费尔班克斯","rank":3,"capital":false},"geometry":{"type":"Point","coordinates":[-147.71066,64.83698]}},{"type":"Feature","properties":{"name":"普拉德霍湾","rank":3,"capital":false},"geometry":{"type":"Point","coordinates":[-148.66936,70.29218]}},{"type":"Feature","properties":{"name":"塞瓦斯托波尔","rank":3,"capital":false},"geometry":{"type":"Point","coordinates":[33.52439,44.60393]}},{"type":"Feature","properties":{"name":"阿布扎比","rank":3,"capital":true},"geometry":{"type":"Point","coordinates":[54.36659,24.46668]}},{"type":"Feature","properties":{"name":"阿什哈巴德","rank":3,"capital":true},"geometry":{"type":"Point","coordinates":[58.3833,37.94999]}},{"type":"Feature","properties":{"name":"撒马尔罕","rank":3,"capital":false},"geometry":{"type":"Point","coordinates":[66.945,39.67002]}},{"type":"Feature","properties":{"name":"卢萨卡","rank":3,"capital":true},"geometry":{"type":"Point","coordinates":[28.28138,-15.4147]}},{"type":"Feature","properties":{"name":"哈拉雷","rank":3,"capital":true},"geometry":{"type":"Point","coordinates":[31.04276,-17.81584]}},{"type":"Feature","properties":{"name":"布拉瓦约","rank":3,"capital":false},"geometry":{"type":"Point","coordinates":[28.58,-20.17]}},{"type":"Feature","properties":{"name":"帝力","rank":3,"capital":true},"geometry":{"type":"Point","coordinates":[125.57946,-8.55939]}},{"type":"Feature","properties":{"name":"维拉港","rank":3,"capital":true},"geometry":{"type":"Point","coordinates":[168.31664,-17.73335]}},{"type":"Feature","properties":{"name":"特古西加尔巴","rank":3,"capital":true},"geometry":{"type":"Point","coordinates":[-87.21948,14.10399]}},{"type":"Feature","properties":{"name":"乔治敦","rank":3,"capital":true},"geometry":{"type":"Point","coordinates":[-58.16703,6.80197]}},{"type":"Feature","properties":{"name":"雷克雅未克","rank":3,"capital":true},"geometry":{"type":"Point","coordinates":[-21.93655,64.14346]}},{"type":"Feature","properties":{"name":"太子港","rank":3,"capital":true},"geometry":{"type":"Point","coordinates":[-72.33798,18.54297]}},{"type":"Feature","properties":{"name":"格拉斯哥","rank":3,"capital":false},"geometry":{"type":"Point","coordinates":[-4.2391,55.86227]}},{"type":"Feature","properties":{"name":"坎帕拉","rank":3,"capital":true},"geometry":{"type":"Point","coordinates":[32.58138,0.3186]}},{"type":"Feature","properties":{"name":"亚丁","rank":3,"capital":false},"geometry":{"type":"Point","coordinates":[45.00949,12.77972]}},{"type":"Feature","properties":{"name":"帕拉马里博","rank":3,"capital":true},"geometry":{"type":"Point","coordinates":[-55.16703,5.83503]}},{"type":"Feature","properties":{"name":"塞维利亚","rank":3,"capital":false},"geometry":{"type":"Point","coordinates":[-5.98001,37.40502]}},{"type":"Feature","properties":{"name":"津德尔","rank":3,"capital":false},"geometry":{"type":"Point","coordinates":[8.98332,13.8]}},{"type":"Feature","properties":{"name":"尼亚美","rank":3,"capital":true},"geometry":{"type":"Point","coordinates":[2.11471,13.51865]}},{"type":"Feature","properties":{"name":"苏丹港","rank":3,"capital":false},"geometry":{"type":"Point","coordinates":[37.21643,19.61579]}},{"type":"Feature","properties":{"name":"杜尚别","rank":3,"capital":true},"geometry":{"type":"Point","coordinates":[68.77388,38.56004]}},{"type":"Feature","properties":{"name":"库斯科","rank":3,"capital":false},"geometry":{"type":"Point","coordinates":[-71.97216,-13.52503]}},{"type":"Feature","properties":{"name":"塔克纳","rank":3,"capital":false},"geometry":{"type":"Point","coordinates":[-70.25001,-18.0]}},{"type":"Feature","properties":{"name":"特鲁希略","rank":3,"capital":false},"geometry":{"type":"Point","coordinates":[-79.01997,-8.12004]}},{"type":"Feature","properties":{"name":"伊卡","rank":3,"capital":false},"geometry":{"type":"Point","coordinates":[-75.72549,-14.06799]}},{"type":"Feature","properties":{"name":"亚松森","rank":3,"capital":true},"geometry":{"type":"Point","coordinates":[-57.62583,-25.29067]}},{"type":"Feature","properties":{"name":"馬拿瓜","rank":3,"capital":true},"geometry":{"type":"Point","coordinates":[-86.27044,12.15496]}},{"type":"Feature","properties":{"name":"弗里敦","rank":3,"capital":true},"geometry":{"type":"Point","coordinates":[-13.23616,8.47196]}},{"type":"Feature","properties":{"name":"阿加德兹","rank":3,"capital":false},"geometry":{"type":"Point","coordinates":[7.98281,16.99587]}},{"type":"Feature","properties":{"name":"尼亚拉","rank":3,"capital":false},"geometry":{"type":"Point","coordinates":[24.88999,12.05997]}},{"type":"Feature","properties":{"name":"瓦乌","rank":3,"capital":false},"geometry":{"type":"Point","coordinates":[27.98996,7.69998]}},{"type":"Feature","properties":{"name":"栋古拉","rank":3,"capital":false},"geometry":{"type":"Point","coordinates":[30.4833,19.16659]}},{"type":"Feature","properties":{"name":"卡薩拉","rank":3,"capital":false},"geometry":{"type":"Point","coordinates":[36.39002,15.45997]}},{"type":"Feature","properties":{"name":"特罗姆瑟","rank":3,"capital":false},"geometry":{"type":"Point","coordinates":[18.99203,69.63508]}},{"type":"Feature","properties":{"name":"特隆赫姆","rank":3,"capital":false},"geometry":{"type":"Point","coordinates":[10.41667,63.41666]}},{"type":"Feature","properties":{"name":"卑尔根","rank":3,"capital":false},"geometry":{"type":"Point","coordinates":[5.32452,60.391]}},{"type":"Feature","properties":{"name":"伊斯兰堡","rank":3,"capital":true},"geometry":{"type":"Point","coordinates":[73.08063,33.68937]}},{"type":"Feature","properties":{"name":"木尔坦","rank":3,"capital":false},"geometry":{"type":"Point","coordinates":[71.45306,30.20192]}},{"type":"Feature","properties":{"name":"海得拉巴","rank":3,"capital":false},"geometry":{"type":"Point","coordinates":[68.37304,25.38193]}},{"type":"Feature","properties":{"name":"白沙瓦","rank":3,"capital":false},"geometry":{"type":"Point","coordinates":[71.53306,34.00696]}},{"type":"Feature","properties":{"name":"加德满都","rank":3,"capital":true},"geometry":{"type":"Point","coordinates":[85.3147,27.71864]}},{"type":"Feature","properties":{"name":"纳卡拉","rank":3,"capital":false},"geometry":{"type":"Point","coordinates":[40.71502,-14.51861]}},{"type":"Feature","properties":{"name":"布隆方丹","rank":3,"capital":true},"geometry":{"type":"Point","coordinates":[26.22991,-29.11999]}},{"type":"Feature","properties":{"name":"比勒陀利亚","rank":3,"capital":true},"geometry":{"type":"Point","coordinates":[28.22748,-25.70497]}},{"type":"Feature","properties":{"name":"莫尔兹比港","rank":3,"capital":true},"geometry":{"type":"Point","coordinates":[147.1925,-9.46471]}},{"type":"Feature","properties":{"name":"霍尼亚拉","rank":3,"capital":true},"geometry":{"type":"Point","coordinates":[159.94977,-9.43799]}},{"type":"Feature","properties":{"name":"巴拿马城","rank":3,"capital":true},"geometry":{"type":"Point","coordinates":[-79.53498,8.96996]}},{"type":"Feature","properties":{"name":"非斯","rank":3,"capital":false},"geometry":{"type":"Point","coordinates":[-5.00232,34.05655]}},{"type":"Feature","properties":{"name":"拉巴特","rank":3,"capital":true},"geometry":{"type":"Point","coordinates":[-6.83641,34.02531]}},{"type":"Feature","properties":{"name":"马拉喀什","rank":3,"capital":false},"geometry":{"type":"Point","coordinates":[-8.00193,31.63194]}},{"type":"Feature","properties":{"name":"基希讷乌","rank":3,"capital":true},"geometry":{"type":"Point","coordinates":[28.85771,47.00502]}},{"type":"Feature","properties":{"name":"贝拉","rank":3,"capital":false},"geometry":{"type":"Point","coordinates":[34.87001,-19.82004]}},{"type":"Feature","properties":{"name":"伊莉莎白港","rank":3,"capital":false},"geometry":{"type":"Point","coordinates":[25.59808,-33.96809]}},{"type":"Feature","properties":{"name":"马普托","rank":3,"capital":true},"geometry":{"type":"Point","coordinates":[32.58722,-25.95333]}},{"type":"Feature","properties":{"name":"托木斯克","rank":3,"capital":false},"geometry":{"type":"Point","coordinates":[84.97501,56.49499]}},{"type":"Feature","properties":{"name":"阿纳德尔","rank":3,"capital":false},"geometry":{"type":"Point","coordinates":[177.475,64.73699]}},{"type":"Feature","properties":{"name":"摩尔曼斯克","rank":3,"capital":false},"geometry":{"type":"Point","coordinates":[33.10004,68.96999]}},{"type":"Feature","properties":{"name":"阿尔汉格尔斯克","rank":3,"capital":false},"geometry":{"type":"Point","coordinates":[40.54501,64.57496]}},{"type":"Feature","properties":{"name":"下诺夫哥罗德","rank":3,"capital":false},"geometry":{"type":"Point","coordinates":[43.99815,56.33495]}},{"type":"Feature","properties":{"name":"伏尔加格勒","rank":3,"capital":false},"geometry":{"type":"Point","coordinates":[44.49801,48.71196]}},{"type":"Feature","properties":{"name":"乌法","rank":3,"capital":false},"geometry":{"type":"Point","coordinates":[56.03809,54.79192]}},{"type":"Feature","properties":{"name":"叶卡捷琳堡","rank":3,"capital":false},"geometry":{"type":"Point","coordinates":[60.59801,56.85198]}},{"type":"Feature","properties":{"name":"萨马拉","rank":3,"capital":false},"geometry":{"type":"Point","coordinates":[50.14935,53.19695]}},{"type":"Feature","properties":{"name":"喀山","rank":3,"capital":false},"geometry":{"type":"Point","coordinates":[49.1244,55.75189]}},{"type":"Feature","properties":{"name":"苏尔古特","rank":3,"capital":false},"geometry":{"type":"Point","coordinates":[73.42502,61.25994]}},{"type":"Feature","properties":{"name":"巴尔瑙尔","rank":3,"capital":false},"geometry":{"type":"Point","coordinates":[83.74501,53.355]}},{"type":"Feature","properties":{"name":"新西伯利亚","rank":3,"capital":false},"geometry":{"type":"Point","coordinates":[82.9581,55.03191]}},{"type":"Feature","properties":{"name":"摩加迪休","rank":3,"capital":true},"geometry":{"type":"Point","coordinates":[45.36473,2.06863]}},{"type":"Feature","properties":{"name":"马斯喀特","rank":3,"capital":true},"geometry":{"type":"Point","coordinates":[58.37831,23.58518]}},{"type":"Feature","properties":{"name":"科伦坡","rank":3,"capital":true},"geometry":{"type":"Point","coordinates":[79.85775,6.93197]}},{"type":"Feature","properties":{"name":"宿雾","rank":3,"capital":false},"geometry":{"type":"Point","coordinates":[123.89813,10.32192]}},{"type":"Feature","properties":{"name":"伊洛伊洛","rank":3,"capital":false},"geometry":{"type":"Point","coordinates":[122.54502,10.70504]}},{"type":"Feature","properties":{"name":"达沃","rank":3,"capital":false},"geometry":{"type":"Point","coordinates":[125.62805,7.11196]}},{"type":"Feature","properties":{"name":"布拉茨克","rank":3,"capital":false},"geometry":{"type":"Point","coordinates":[101.61503,56.157]}},{"type":"Feature","properties":{"name":"伊尔库茨克","rank":3,"capital":false},"geometry":{"type":"Point","coordinates":[104.28387,52.2846]}},{"type":"Feature","properties":{"name":"克拉斯诺亚尔斯克","rank":3,"capital":false},"geometry":{"type":"Point","coordinates":[92.86405,56.01593]}},{"type":"Feature","properties":{"name":"迪克森","rank":3,"capital":false},"geometry":{"type":"Point","coordinates":[80.5451,73.50697]}},{"type":"Feature","properties":{"name":"赤塔","rank":3,"capital":false},"geometry":{"type":"Point","coordinates":[113.465,52.05503]}},{"type":"Feature","properties":{"name":"海参崴","rank":3,"capital":false},"geometry":{"type":"Point","coordinates":[131.91003,43.13001]}},{"type":"Feature","properties":{"name":"下揚斯克","rank":3,"capital":false},"geometry":{"type":"Point","coordinates":[136.06662,71.43333]}},{"type":"Feature","properties":{"name":"雅库茨克","rank":3,"capital":false},"geometry":{"type":"Point","coordinates":[129.73502,62.03496]}},{"type":"Feature","properties":{"name":"季克西","rank":3,"capital":false},"geometry":{"type":"Point","coordinates":[128.83497,71.62689]}},{"type":"Feature","properties":{"name":"马加丹","rank":3,"capital":false},"geometry":{"type":"Point","coordinates":[150.81001,59.57498]}},{"type":"Feature","properties":{"name":"蒂华纳","rank":3,"capital":false},"geometry":{"type":"Point","coordinates":[-117.08194,32.50196]}},{"type":"Feature","properties":{"name":"奇瓦瓦","rank":3,"capital":false},"geometry":{"type":"Point","coordinates":[-106.08693,28.64693]}},{"type":"Feature","properties":{"name":"马萨特兰","rank":3,"capital":false},"geometry":{"type":"Point","coordinates":[-106.42,23.2211]}},{"type":"Feature","properties":{"name":"坦皮科","rank":3,"capital":false},"geometry":{"type":"Point","coordinates":[-97.87001,22.30002]}},{"type":"Feature","properties":{"name":"阿卡普尔科","rank":3,"capital":false},"geometry":{"type":"Point","coordinates":[-99.91598,16.84999]}},{"type":"Feature","properties":{"name":"韦拉克鲁斯","rank":3,"capital":false},"geometry":{"type":"Point","coordinates":[-96.15998,19.17734]}},{"type":"Feature","properties":{"name":"图斯特拉－古铁雷斯","rank":3,"capital":false},"geometry":{"type":"Point","coordinates":[-93.15001,16.75]}},{"type":"Feature","properties":{"name":"坎昆","rank":3,"capital":false},"geometry":{"type":"Point","coordinates":[-86.83001,21.16996]}},{"type":"Feature","properties":{"name":"梅里达","rank":3,"capital":false},"geometry":{"type":"Point","coordinates":[-89.61858,20.96858]}},{"type":"Feature","properties":{"name":"埃努古","rank":3,"capital":false},"geometry":{"type":"Point","coordinates":[7.5,6.45003]}},{"type":"Feature","properties":{"name":"索科托","rank":3,"capital":false},"geometry":{"type":"Point","coordinates":[5.24003,13.06002]}},{"type":"Feature","properties":{"name":"彼尔姆","rank":3,"capital":false},"geometry":{"type":"Point","coordinates":[56.24805,58.00191]}},{"type":"Feature","properties":{"name":"额尔登特","rank":3,"capital":false},"geometry":{"type":"Point","coordinates":[104.11834,49.0533]}},{"type":"Feature","properties":{"name":"乌兰巴托","rank":3,"capital":true},"geometry":{"type":"Point","coordinates":[106.91467,47.91862]}},{"type":"Feature","properties":{"name":"姆贝亚","rank":3,"capital":false},"geometry":{"type":"Point","coordinates":[33.43004,-8.89001]}},{"type":"Feature","properties":{"name":"温得和克","rank":3,"capital":true},"geometry":{"type":"Point","coordinates":[17.08355,-22.57001]}},{"type":"Feature","properties":{"name":"赫鲁特方丹","rank":3,"capital":false},"geometry":{"type":"Point","coordinates":[18.11656,-19.56662]}},{"type":"Feature","properties":{"name":"桑给巴尔","rank":3,"capital":false},"geometry":{"type":"Point","coordinates":[39.20003,-6.16]}},{"type":"Feature","properties":{"name":"巴伦西亚","rank":3,"capital":false},"geometry":{"type":"Point","coordinates":[-0.40196,39.48696]}},{"type":"Feature","properties":{"name":"帕拉纳","rank":3,"capital":false},"geometry":{"type":"Point","coordinates":[159.95002,59.084]}},{"type":"Feature","properties":{"name":"堪察加彼得巴甫洛夫斯克","rank":3,"capital":false},"geometry":{"type":"Point","coordinates":[158.62302,53.06199]}},{"type":"Feature","properties":{"name":"阿布贾","rank":3,"capital":true},"geometry":{"type":"Point","coordinates":[7.48951,9.05462]}},{"type":"Feature","properties":{"name":"巴东","rank":3,"capital":false},"geometry":{"type":"Point","coordinates":[100.35807,-0.95806]}},{"type":"Feature","properties":{"name":"比绍","rank":3,"capital":true},"geometry":{"type":"Point","coordinates":[-15.59836,11.86502]}},{"type":"Feature","properties":{"name":"巴勒莫","rank":3,"capital":false},"geometry":{"type":"Point","coordinates":[13.34808,38.12697]}},{"type":"Feature","properties":{"name":"安曼","rank":3,"capital":true},"geometry":{"type":"Point","coordinates":[35.93135,31.95197]}},{"type":"Feature","properties":{"name":"维尔纽斯","rank":3,"capital":true},"geometry":{"type":"Point","coordinates":[25.31664,54.68337]}},{"type":"Feature","properties":{"name":"里加","rank":3,"capital":true},"geometry":{"type":"Point","coordinates":[24.09997,56.95002]}},{"type":"Feature","properties":{"name":"比什凯克","rank":3,"capital":true},"geometry":{"type":"Point","coordinates":[74.58326,42.87503]}},{"type":"Feature","properties":{"name":"嘉峪关","rank":3,"capital":false},"geometry":{"type":"Point","coordinates":[98.29998,39.82001]}},{"type":"Feature","properties":{"name":"西宁","rank":3,"capital":false},"geometry":{"type":"Point","coordinates":[101.76806,36.62194]}},{"type":"Feature","properties":{"name":"桂林","rank":3,"capital":false},"geometry":{"type":"Point","coordinates":[110.27808,25.28194]}},{"type":"Feature","properties":{"name":"淮南","rank":3,"capital":false},"geometry":{"type":"Point","coordinates":[116.97804,32.63193]}},{"type":"Feature","properties":{"name":"汕头","rank":3,"capital":false},"geometry":{"type":"Point","coordinates":[116.66808,23.37195]}},{"type":"Feature","properties":{"name":"打拉根","rank":3,"capital":false},"geometry":{"type":"Point","coordinates":[117.63302,3.30002]}},{"type":"Feature","properties":{"name":"蒙巴萨","rank":3,"capital":false},"geometry":{"type":"Point","coordinates":[39.68797,-4.03808]}},{"type":"Feature","properties":{"name":"马塞卢","rank":3,"capital":true},"geometry":{"type":"Point","coordinates":[27.48327,-29.31667]}},{"type":"Feature","properties":{"name":"塔那那利佛","rank":3,"capital":true},"geometry":{"type":"Point","coordinates":[47.51468,-18.91469]}},{"type":"Feature","properties":{"name":"三宝垄","rank":3,"capital":false},"geometry":{"type":"Point","coordinates":[110.41807,-6.96467]}},{"type":"Feature","properties":{"name":"巨港","rank":3,"capital":false},"geometry":{"type":"Point","coordinates":[104.74808,-2.97809]}},{"type":"Feature","properties":{"name":"马辰","rank":3,"capital":false},"geometry":{"type":"Point","coordinates":[114.58008,-3.32999]}},{"type":"Feature","properties":{"name":"望加锡","rank":3,"capital":false},"geometry":{"type":"Point","coordinates":[119.43008,-5.13801]}},{"type":"Feature","properties":{"name":"里昂","rank":3,"capital":false},"geometry":{"type":"Point","coordinates":[4.82808,45.77195]}},{"type":"Feature","properties":{"name":"基多","rank":3,"capital":true},"geometry":{"type":"Point","coordinates":[-78.502,-0.21304]}},{"type":"Feature","properties":{"name":"圣荷西","rank":3,"capital":true},"geometry":{"type":"Point","coordinates":[-84.07881,9.93037]}},{"type":"Feature","properties":{"name":"圣萨尔瓦多","rank":3,"capital":true},"geometry":{"type":"Point","coordinates":[-89.21558,13.70328]}},{"type":"Feature","properties":{"name":"京斯敦","rank":3,"capital":true},"geometry":{"type":"Point","coordinates":[-76.76743,17.97708]}},{"type":"Feature","properties":{"name":"卡塔赫纳","rank":3,"capital":false},"geometry":{"type":"Point","coordinates":[-75.51634,10.40168]}},{"type":"Feature","properties":{"name":"米图","rank":3,"capital":false},"geometry":{"type":"Point","coordinates":[-70.17361,1.19831]}},{"type":"Feature","properties":{"name":"奔巴","rank":3,"capital":false},"geometry":{"type":"Point","coordinates":[22.45996,2.18998]}},{"type":"Feature","properties":{"name":"恩贾梅纳","rank":3,"capital":true},"geometry":{"type":"Point","coordinates":[15.0472,12.11504]}},{"type":"Feature","properties":{"name":"阿贝歇","rank":3,"capital":false},"geometry":{"type":"Point","coordinates":[20.82998,13.83999]}},{"type":"Feature","properties":{"name":"马拉博","rank":3,"capital":true},"geometry":{"type":"Point","coordinates":[8.78328,3.75002]}},{"type":"Feature","properties":{"name":"卢克索","rank":3,"capital":false},"geometry":{"type":"Point","coordinates":[32.65004,25.70002]}},{"type":"Feature","properties":{"name":"阿斯马拉","rank":3,"capital":true},"geometry":{"type":"Point","coordinates":[38.93332,15.33334]}},{"type":"Feature","properties":{"name":"萨格勒布","rank":3,"capital":true},"geometry":{"type":"Point","coordinates":[15.99999,45.80001]}},{"type":"Feature","properties":{"name":"塔林","rank":3,"capital":true},"geometry":{"type":"Point","coordinates":[24.72804,59.43388]}},{"type":"Feature","properties":{"name":"拉萨","rank":3,"capital":false},"geometry":{"type":"Point","coordinates":[91.10001,29.64502]}},{"type":"Feature","properties":{"name":"伊州区","rank":3,"capital":false},"geometry":{"type":"Point","coordinates":[93.515,42.82698]}},{"type":"Feature","properties":{"name":"和田","rank":3,"capital":false},"geometry":{"type":"Point","coordinates":[79.92695,37.09971]}},{"type":"Feature","properties":{"name":"喀什","rank":3,"capital":false},"geometry":{"type":"Point","coordinates":[75.96993,39.47634]}},{"type":"Feature","properties":{"name":"银川","rank":3,"capital":false},"geometry":{"type":"Point","coordinates":[106.27109,38.46992]}},{"type":"Feature","properties":{"name":"萍乡","rank":3,"capital":false},"geometry":{"type":"Point","coordinates":[113.8481,27.62195]}},{"type":"Feature","properties":{"name":"长崎","rank":3,"capital":false},"geometry":{"type":"Point","coordinates":[129.88503,32.76499]}},{"type":"Feature","properties":{"name":"齐齐哈尔","rank":3,"capital":false},"geometry":{"type":"Point","coordinates":[123.98805,47.34692]}},{"type":"Feature","properties":{"name":"基奎特","rank":3,"capital":false},"geometry":{"type":"Point","coordinates":[18.85,-5.03004]}},{"type":"Feature","properties":{"name":"马塔迪","rank":3,"capital":false},"geometry":{"type":"Point","coordinates":[13.45002,-5.81661]}},{"type":"Feature","properties":{"name":"科卢韦齐","rank":3,"capital":false},"geometry":{"type":"Point","coordinates":[25.47244,-10.71672]}},{"type":"Feature","properties":{"name":"卢本巴希","rank":3,"capital":false},"geometry":{"type":"Point","coordinates":[27.47807,-11.67808]}},{"type":"Feature","properties":{"name":"利隆圭","rank":3,"capital":true},"geometry":{"type":"Point","coordinates":[33.7833,-13.9833]}},{"type":"Feature","properties":{"name":"瓜地馬拉","rank":3,"capital":true},"geometry":{"type":"Point","coordinates":[-90.52891,14.62308]}},{"type":"Feature","properties":{"name":"卡宴","rank":3,"capital":false},"geometry":{"type":"Point","coordinates":[-52.33002,4.93299]}},{"type":"Feature","properties":{"name":"利伯维尔","rank":3,"capital":true},"geometry":{"type":"Point","coordinates":[9.45796,0.38539]}},{"type":"Feature","properties":{"name":"维沙卡帕特南","rank":3,"capital":false},"geometry":{"type":"Point","coordinates":[83.21985,17.6829]}},{"type":"Feature","properties":{"name":"苏瓦","rank":3,"capital":true},"geometry":{"type":"Point","coordinates":[178.44171,-18.13302]}},{"type":"Feature","properties":{"name":"让蒂尔港","rank":3,"capital":false},"geometry":{"type":"Point","coordinates":[8.78002,-0.72002]}},{"type":"Feature","properties":{"name":"通布图","rank":3,"capital":false},"geometry":{"type":"Point","coordinates":[-3.0166,16.76659]}},{"type":"Feature","properties":{"name":"蓬塔阿雷纳斯","rank":3,"capital":false},"geometry":{"type":"Point","coordinates":[-70.94,-53.16499]}},{"type":"Feature","properties":{"name":"伊基克","rank":3,"capital":false},"geometry":{"type":"Point","coordinates":[-70.12997,-20.24999]}},{"type":"Feature","properties":{"name":"安托法加斯塔","rank":3,"capital":false},"geometry":{"type":"Point","coordinates":[-70.4,-23.64999]}},{"type":"Feature","properties":{"name":"瓦尔帕莱索","rank":3,"capital":false},"geometry":{"type":"Point","coordinates":[-71.61703,-33.04774]}},{"type":"Feature","properties":{"name":"瓦尔迪维亚","rank":3,"capital":false},"geometry":{"type":"Point","coordinates":[-73.23311,-39.82165]}},{"type":"Feature","properties":{"name":"康塞普西翁","rank":3,"capital":false},"geometry":{"type":"Point","coordinates":[-73.05002,-36.83001]}},{"type":"Feature","properties":{"name":"蒙特港","rank":3,"capital":false},"geometry":{"type":"Point","coordinates":[-72.92998,-41.46999]}},{"type":"Feature","properties":{"name":"努克","rank":3,"capital":false},"geometry":{"type":"Point","coordinates":[-51.73266,64.19828]}},{"type":"Feature","properties":{"name":"努瓦克肖特","rank":3,"capital":true},"geometry":{"type":"Point","coordinates":[-15.97534,18.08643]}},{"type":"Feature","properties":{"name":"巴马科","rank":3,"capital":true},"geometry":{"type":"Point","coordinates":[-8.00198,12.65196]}},{"type":"Feature","properties":{"name":"阿塔尔","rank":3,"capital":false},"geometry":{"type":"Point","coordinates":[-13.04999,20.51664]}},{"type":"Feature","properties":{"name":"杰内","rank":3,"capital":false},"geometry":{"type":"Point","coordinates":[-4.54999,13.89999]}},{"type":"Feature","properties":{"name":"塞卜哈","rank":3,"capital":false},"geometry":{"type":"Point","coordinates":[14.43332,27.03327]}},{"type":"Feature","properties":{"name":"班加西","rank":3,"capital":false},"geometry":{"type":"Point","coordinates":[20.06478,32.11868]}},{"type":"Feature","properties":{"name":"塞萨洛尼基","rank":3,"capital":false},"geometry":{"type":"Point","coordinates":[22.88305,40.69805]}},{"type":"Feature","properties":{"name":"贝鲁特","rank":3,"capital":true},"geometry":{"type":"Point","coordinates":[35.50776,33.87392]}},{"type":"Feature","properties":{"name":"第比利斯","rank":3,"capital":true},"geometry":{"type":"Point","coordinates":[44.78885,41.72696]}},{"type":"Feature","properties":{"name":"贡德尔","rank":3,"capital":false},"geometry":{"type":"Point","coordinates":[37.46003,12.61004]}},{"type":"Feature","properties":{"name":"努尔苏丹","rank":3,"capital":true},"geometry":{"type":"Point","coordinates":[71.42777,51.18113]}},{"type":"Feature","properties":{"name":"卡拉干达","rank":3,"capital":false},"geometry":{"type":"Point","coordinates":[73.11501,49.88498]}},{"type":"Feature","properties":{"name":"阿拉木图","rank":3,"capital":false},"geometry":{"type":"Point","coordinates":[76.91309,43.32694]}},{"type":"Feature","properties":{"name":"伊斯法罕","rank":3,"capital":false},"geometry":{"type":"Point","coordinates":[51.69809,32.70195]}},{"type":"Feature","properties":{"name":"西菈子","rank":3,"capital":false},"geometry":{"type":"Point","coordinates":[52.56806,29.63191]}},{"type":"Feature","properties":{"name":"阿姆利则","rank":3,"capital":false},"geometry":{"type":"Point","coordinates":[74.86805,31.64194]}},{"type":"Feature","properties":{"name":"瓦兰希","rank":3,"capital":false},"geometry":{"type":"Point","coordinates":[82.99809,25.33194]}},{"type":"Feature","properties":{"name":"阿桑索尔","rank":3,"capital":false},"geometry":{"type":"Point","coordinates":[86.98139,23.68528]}},{"type":"Feature","properties":{"name":"比莱","rank":3,"capital":false},"geometry":{"type":"Point","coordinates":[81.37221,21.21126]}},{"type":"Feature","properties":{"name":"博帕尔","rank":3,"capital":false},"geometry":{"type":"Point","coordinates":[77.40805,23.25193]}},{"type":"Feature","properties":{"name":"马杜赖","rank":3,"capital":false},"geometry":{"type":"Point","coordinates":[78.11808,9.92197]}},{"type":"Feature","properties":{"name":"科伊巴拓雷","rank":3,"capital":false},"geometry":{"type":"Point","coordinates":[76.94808,11.00191]}},{"type":"Feature","properties":{"name":"万象","rank":3,"capital":true},"geometry":{"type":"Point","coordinates":[102.59998,17.96669]}},{"type":"Feature","properties":{"name":"布拉柴维尔","rank":3,"capital":true},"geometry":{"type":"Point","coordinates":[15.28274,-4.25724]}},{"type":"Feature","properties":{"name":"科纳克里","rank":3,"capital":true},"geometry":{"type":"Point","coordinates":[-13.68218,9.53347]}},{"type":"Feature","properties":{"name":"亚穆苏克罗","rank":3,"capital":true},"geometry":{"type":"Point","coordinates":[-5.2755,6.81838]}},{"type":"Feature","properties":{"name":"南克魯賽羅","rank":3,"capital":false},"geometry":{"type":"Point","coordinates":[-72.66997,-7.62999]}},{"type":"Feature","properties":{"name":"莱蒂西亚","rank":3,"capital":false},"geometry":{"type":"Point","coordinates":[-69.95526,-4.20121]}},{"type":"Feature","properties":{"name":"马瑙斯","rank":3,"capital":false},"geometry":{"type":"Point","coordinates":[-60.00196,-3.09809]}},{"type":"Feature","properties":{"name":"卡希亚斯","rank":3,"capital":false},"geometry":{"type":"Point","coordinates":[-43.35003,-4.833]}},{"type":"Feature","properties":{"name":"圣塔伦","rank":3,"capital":false},"geometry":{"type":"Point","coordinates":[-54.69998,-2.43325]}},{"type":"Feature","properties":{"name":"马拉巴","rank":3,"capital":false},"geometry":{"type":"Point","coordinates":[-49.11598,-5.34997]}},{"type":"Feature","properties":{"name":"维列纳","rank":3,"capital":false},"geometry":{"type":"Point","coordinates":[-60.1166,-12.7166]}},{"type":"Feature","properties":{"name":"日帕拉纳","rank":3,"capital":false},"geometry":{"type":"Point","coordinates":[-61.967,-10.83331]}},{"type":"Feature","properties":{"name":"大坎普","rank":3,"capital":false},"geometry":{"type":"Point","coordinates":[-54.61857,-20.44809]}},{"type":"Feature","properties":{"name":"弗洛里亚诺波利斯","rank":3,"capital":false},"geometry":{"type":"Point","coordinates":[-48.52197,-27.57804]}},{"type":"Feature","properties":{"name":"费拉迪圣安娜","rank":3,"capital":false},"geometry":{"type":"Point","coordinates":[-38.97001,-12.25002]}},{"type":"Feature","properties":{"name":"温尼伯","rank":3,"capital":false},"geometry":{"type":"Point","coordinates":[-97.16599,49.88299]}},{"type":"Feature","properties":{"name":"邱吉尔","rank":3,"capital":false},"geometry":{"type":"Point","coordinates":[-94.16599,58.76599]}},{"type":"Feature","properties":{"name":"里贾纳","rank":3,"capital":false},"geometry":{"type":"Point","coordinates":[-104.61701,50.45003]}},{"type":"Feature","properties":{"name":"萨斯卡通","rank":3,"capital":false},"geometry":{"type":"Point","coordinates":[-106.66999,52.17003]}},{"type":"Feature","properties":{"name":"卡尔加里","rank":3,"capital":false},"geometry":{"type":"Point","coordinates":[-114.08194,51.08494]}},{"type":"Feature","properties":{"name":"鲁珀特王子港","rank":3,"capital":false},"geometry":{"type":"Point","coordinates":[-130.32999,54.31667]}},{"type":"Feature","properties":{"name":"维多利亚","rank":3,"capital":false},"geometry":{"type":"Point","coordinates":[-123.35,48.43328]}},{"type":"Feature","properties":{"name":"北極灣","rank":3,"capital":false},"geometry":{"type":"Point","coordinates":[-85.16662,73.03331]}},{"type":"Feature","properties":{"name":"雷索卢特","rank":3,"capital":false},"geometry":{"type":"Point","coordinates":[-94.90001,74.68333]}},{"type":"Feature","properties":{"name":"努雅特","rank":3,"capital":false},"geometry":{"type":"Point","coordinates":[-86.28293,66.52947]}},{"type":"Feature","properties":{"name":"黄刀镇","rank":3,"capital":false},"geometry":{"type":"Point","coordinates":[-114.39698,62.44201]}},{"type":"Feature","properties":{"name":"德望堡","rank":3,"capital":false},"geometry":{"type":"Point","coordinates":[-128.63332,66.26661]}},{"type":"Feature","properties":{"name":"白马","rank":3,"capital":false},"geometry":{"type":"Point","coordinates":[-135.04998,60.71672]}},{"type":"Feature","properties":{"name":"博阿维斯塔","rank":3,"capital":false},"geometry":{"type":"Point","coordinates":[-60.666,2.81609]}},{"type":"Feature","properties":{"name":"马卡帕","rank":3,"capital":false},"geometry":{"type":"Point","coordinates":[-51.05002,0.03301]}},{"type":"Feature","properties":{"name":"渥太华","rank":3,"capital":true},"geometry":{"type":"Point","coordinates":[-75.70196,45.41864]}},{"type":"Feature","properties":{"name":"塞文堡","rank":3,"capital":false},"geometry":{"type":"Point","coordinates":[-87.64998,55.98334]}},{"type":"Feature","properties":{"name":"桑德贝","rank":3,"capital":false},"geometry":{"type":"Point","coordinates":[-89.27497,48.44615]}},{"type":"Feature","properties":{"name":"魁北克","rank":3,"capital":false},"geometry":{"type":"Point","coordinates":[-71.24561,46.83997]}},{"type":"Feature","properties":{"name":"哈利法克斯","rank":3,"capital":false},"geometry":{"type":"Point","coordinates":[-63.6,44.65003]}},{"type":"Feature","properties":{"name":"圣约翰斯","rank":3,"capital":false},"geometry":{"type":"Point","coordinates":[-52.68101,47.58499]}},{"type":"Feature","properties":{"name":"奈恩","rank":3,"capital":false},"geometry":{"type":"Point","coordinates":[-61.68605,56.54735]}},{"type":"Feature","properties":{"name":"夏洛特顿","rank":3,"capital":false},"geometry":{"type":"Point","coordinates":[-63.13133,46.24928]}},{"type":"Feature","properties":{"name":"恩代萊","rank":3,"capital":false},"geometry":{"type":"Point","coordinates":[20.65304,8.40914]}},{"type":"Feature","properties":{"name":"贝尔格莱德","rank":3,"capital":true},"geometry":{"type":"Point","coordinates":[20.46604,44.82059]}},{"type":"Feature","properties":{"name":"奥博","rank":3,"capital":false},"geometry":{"type":"Point","coordinates":[26.50003,5.39999]}},{"type":"Feature","properties":{"name":"斯里巴加湾","rank":3,"capital":true},"geometry":{"type":"Point","coordinates":[114.93328,4.88333]}},{"type":"Feature","properties":{"name":"德塞阿多港","rank":3,"capital":false},"geometry":{"type":"Point","coordinates":[-65.89997,-47.75002]}},{"type":"Feature","properties":{"name":"里奥加耶戈斯","rank":3,"capital":false},"geometry":{"type":"Point","coordinates":[-69.21659,-51.6333]}},{"type":"Feature","properties":{"name":"里瓦达维亚海军准将城","rank":3,"capital":false},"geometry":{"type":"Point","coordinates":[-67.5,-45.87003]}},{"type":"Feature","properties":{"name":"门多萨","rank":3,"capital":false},"geometry":{"type":"Point","coordinates":[-68.81856,-32.88138]}},{"type":"Feature","properties":{"name":"苏克雷","rank":3,"capital":true},"geometry":{"type":"Point","coordinates":[-65.25952,-19.04097]}},{"type":"Feature","properties":{"name":"里韦拉尔塔","rank":3,"capital":false},"geometry":{"type":"Point","coordinates":[-66.10001,-10.98301]}},{"type":"Feature","properties":{"name":"布兰卡港","rank":3,"capital":false},"geometry":{"type":"Point","coordinates":[-62.26502,-38.74003]}},{"type":"Feature","properties":{"name":"马德普拉塔","rank":3,"capital":false},"geometry":{"type":"Point","coordinates":[-57.57998,-38.00002]}},{"type":"Feature","properties":{"name":"科尔多瓦","rank":3,"capital":false},"geometry":{"type":"Point","coordinates":[-64.18424,-31.39801]}},{"type":"Feature","properties":{"name":"波萨达斯","rank":3,"capital":false},"geometry":{"type":"Point","coordinates":[-55.88511,-27.35783]}},{"type":"Feature","properties":{"name":"贝尔墨邦","rank":3,"capital":true},"geometry":{"type":"Point","coordinates":[-88.76707,17.25203]}},{"type":"Feature","properties":{"name":"班吉","rank":3,"capital":true},"geometry":{"type":"Point","coordinates":[18.55829,4.36664]}},{"type":"Feature","properties":{"name":"马鲁阿","rank":3,"capital":false},"geometry":{"type":"Point","coordinates":[14.3247,10.59557]}},{"type":"Feature","properties":{"name":"雅温得","rank":3,"capital":true},"geometry":{"type":"Point","coordinates":[11.5147,3.86865]}},{"type":"Feature","properties":{"name":"地拉那","rank":3,"capital":true},"geometry":{"type":"Point","coordinates":[19.81888,41.32754]}},{"type":"Feature","properties":{"name":"埃里温","rank":3,"capital":true},"geometry":{"type":"Point","coordinates":[44.51161,40.1831]}},{"type":"Feature","properties":{"name":"巴库","rank":3,"capital":true},"geometry":{"type":"Point","coordinates":[49.86027,40.39722]}},{"type":"Feature","properties":{"name":"坎大哈","rank":3,"capital":false},"geometry":{"type":"Point","coordinates":[65.69495,31.61002]}},{"type":"Feature","properties":{"name":"金边","rank":3,"capital":true},"geometry":{"type":"Point","coordinates":[104.91469,11.55198]}},{"type":"Feature","properties":{"name":"梅农盖","rank":3,"capital":false},"geometry":{"type":"Point","coordinates":[17.69999,-14.66661]}},{"type":"Feature","properties":{"name":"万博","rank":3,"capital":false},"geometry":{"type":"Point","coordinates":[15.75806,-12.74804]}},{"type":"Feature","properties":{"name":"拉巴斯","rank":3,"capital":true},"geometry":{"type":"Point","coordinates":[-68.15193,-16.49603]}},{"type":"Feature","properties":{"name":"圣克鲁斯","rank":3,"capital":false},"geometry":{"type":"Point","coordinates":[-63.22794,-17.75197]}},{"type":"Feature","properties":{"name":"瓦赫兰","rank":3,"capital":false},"geometry":{"type":"Point","coordinates":[-0.62192,35.71195]}},{"type":"Feature","properties":{"name":"科托努","rank":3,"capital":true},"geometry":{"type":"Point","coordinates":[2.40435,6.36298]}},{"type":"Feature","properties":{"name":"塔曼拉塞特","rank":3,"capital":false},"geometry":{"type":"Point","coordinates":[5.5228,22.785]}},{"type":"Feature","properties":{"name":"盖尔达耶","rank":3,"capital":false},"geometry":{"type":"Point","coordinates":[3.67,32.48999]}},{"type":"Feature","properties":{"name":"索非亚","rank":3,"capital":true},"geometry":{"type":"Point","coordinates":[23.31471,42.6853]}},{"type":"Feature","properties":{"name":"明斯克","rank":3,"capital":true},"geometry":{"type":"Point","coordinates":[27.56468,53.90192]}},{"type":"Feature","properties":{"name":"廷布","rank":3,"capital":true},"geometry":{"type":"Point","coordinates":[89.63901,27.47299]}},{"type":"Feature","properties":{"name":"嘉柏隆里","rank":3,"capital":true},"geometry":{"type":"Point","coordinates":[25.91195,-24.64631]}},{"type":"Feature","properties":{"name":"达尔文","rank":3,"capital":false},"geometry":{"type":"Point","coordinates":[130.85004,-12.42535]}},{"type":"Feature","properties":{"name":"爱丽斯泉","rank":3,"capital":false},"geometry":{"type":"Point","coordinates":[133.88003,-23.701]}},{"type":"Feature","properties":{"name":"堪培拉","rank":3,"capital":true},"geometry":{"type":"Point","coordinates":[149.12903,-35.28303]}},{"type":"Feature","properties":{"name":"纽卡斯尔","rank":3,"capital":false},"geometry":{"type":"Point","coordinates":[151.77025,-32.92951]}},{"type":"Feature","properties":{"name":"阿德莱德","rank":3,"capital":false},"geometry":{"type":"Point","coordinates":[138.59806,-34.93304]}},{"type":"Feature","properties":{"name":"汤斯维尔","rank":3,"capital":false},"geometry":{"type":"Point","coordinates":[146.77,-19.24995]}},{"type":"Feature","properties":{"name":"布里斯班","rank":3,"capital":false},"geometry":{"type":"Point","coordinates":[153.03315,-27.45309]}},{"type":"Feature","properties":{"name":"霍巴特","rank":3,"capital":false},"geometry":{"type":"Point","coordinates":[147.29503,-42.85001]}},{"type":"Feature","properties":{"name":"瓦加杜古","rank":3,"capital":true},"geometry":{"type":"Point","coordinates":[-1.52667,12.37226]}},{"type":"Feature","properties":{"name":"萨拉热窝","rank":3,"capital":true},"geometry":{"type":"Point","coordinates":[18.383,43.85002]}},{"type":"Feature","properties":{"name":"奈比多","rank":3,"capital":true},"geometry":{"type":"Point","coordinates":[96.11667,19.7685]}},{"type":"Feature","properties":{"name":"圣胡安","rank":3,"capital":false},"geometry":{"type":"Point","coordinates":[-66.12998,18.44002]}},{"type":"Feature","properties":{"name":"斯坦利","rank":3,"capital":false},"geometry":{"type":"Point","coordinates":[-57.84997,-51.70001]}},{"type":"Feature","properties":{"name":"哈密尔顿","rank":3,"capital":true},"geometry":{"type":"Point","coordinates":[-64.78394,32.29419]}},{"type":"Feature","properties":{"name":"努库阿洛法","rank":3,"capital":true},"geometry":{"type":"Point","coordinates":[-175.22056,-21.13851]}},{"type":"Feature","properties":{"name":"哈尔格萨","rank":3,"capital":true},"geometry":{"type":"Point","coordinates":[44.06531,9.56002]}},{"type":"Feature","properties":{"name":"維多利亞","rank":3,"capital":true},"geometry":{"type":"Point","coordinates":[55.44999,-4.61663]}},{"type":"Feature","properties":{"name":"圣多美","rank":3,"capital":true},"geometry":{"type":"Point","coordinates":[6.72965,0.33747]}},{"type":"Feature","properties":{"name":"阿皮亚","rank":3,"capital":true},"geometry":{"type":"Point","coordinates":[-171.7686,-13.83571]}},{"type":"Feature","properties":{"name":"瓦莱塔","rank":3,"capital":true},"geometry":{"type":"Point","coordinates":[14.51471,35.89973]}},{"type":"Feature","properties":{"name":"马累","rank":3,"capital":true},"geometry":{"type":"Point","coordinates":[73.5089,4.17204]}},{"type":"Feature","properties":{"name":"耶路撒冷","rank":3,"capital":true},"geometry":{"type":"Point","coordinates":[35.20663,31.77841]}},{"type":"Feature","properties":{"name":"培亞","rank":3,"capital":true},"geometry":{"type":"Point","coordinates":[-23.51669,14.9167]}},{"type":"Feature","properties":{"name":"拿骚","rank":3,"capital":true},"geometry":{"type":"Point","coordinates":[-77.35004,25.08339]}},{"type":"Feature","properties":{"name":"尼科西亚","rank":3,"capital":true},"geometry":{"type":"Point","coordinates":[33.36663,35.16668]}},{"type":"Feature","properties":{"name":"高雄","rank":3,"capital":false},"geometry":{"type":"Point","coordinates":[120.2666,22.63331]}},{"type":"Feature","properties":{"name":"深圳","rank":2,"capital":false},"geometry":{"type":"Point","coordinates":[114.06115,22.5481]}},{"type":"Feature","properties":{"name":"淄博","rank":2,"capital":false},"geometry":{"type":"Point","coordinates":[117.99646,36.82136]}},{"type":"Feature","properties":{"name":"明尼阿波利斯","rank":2,"capital":false},"geometry":{"type":"Point","coordinates":[-93.25373,44.98193]}},{"type":"Feature","properties":{"name":"檀香山","rank":2,"capital":false},"geometry":{"type":"Point","coordinates":[-157.8583,21.30343]}},{"type":"Feature","properties":{"name":"西雅图","rank":2,"capital":false},"geometry":{"type":"Point","coordinates":[-122.31532,47.60042]}},{"type":"Feature","properties":{"name":"菲尼克斯","rank":2,"capital":false},"geometry":{"type":"Point","coordinates":[-112.06737,33.44832]}},{"type":"Feature","properties":{"name":"圣迭戈","rank":2,"capital":false},"geometry":{"type":"Point","coordinates":[-117.15088,32.71891]}},{"type":"Feature","properties":{"name":"圣路易斯","rank":2,"capital":false},"geometry":{"type":"Point","coordinates":[-90.24193,38.63696]}},{"type":"Feature","properties":{"name":"新奥尔良","rank":2,"capital":false},"geometry":{"type":"Point","coordinates":[-90.08837,29.96891]}},{"type":"Feature","properties":{"name":"达拉斯","rank":2,"capital":false},"geometry":{"type":"Point","coordinates":[-96.79469,32.77196]}},{"type":"Feature","properties":{"name":"马拉开波","rank":2,"capital":false},"geometry":{"type":"Point","coordinates":[-71.66192,10.73192]}},{"type":"Feature","properties":{"name":"波士顿","rank":2,"capital":false},"geometry":{"type":"Point","coordinates":[-71.07196,42.33191]}},{"type":"Feature","properties":{"name":"坦帕","rank":2,"capital":false},"geometry":{"type":"Point","coordinates":[-82.46057,27.94893]}},{"type":"Feature","properties":{"name":"费城","rank":2,"capital":false},"geometry":{"type":"Point","coordinates":[-75.17984,39.94594]}},{"type":"Feature","properties":{"name":"底特律","rank":2,"capital":false},"geometry":{"type":"Point","coordinates":[-83.05133,42.33356]}},{"type":"Feature","properties":{"name":"安克雷奇","rank":2,"capital":false},"geometry":{"type":"Point","coordinates":[-149.88745,61.214]}},{"type":"Feature","properties":{"name":"河内","rank":2,"capital":true},"geometry":{"type":"Point","coordinates":[105.84807,21.03527]}},{"type":"Feature","properties":{"name":"胡志明","rank":2,"capital":false},"geometry":{"type":"Point","coordinates":[106.70298,10.76212]}},{"type":"Feature","properties":{"name":"安卡拉","rank":2,"capital":true},"geometry":{"type":"Point","coordinates":[32.86245,39.92918]}},{"type":"Feature","properties":{"name":"布达佩斯","rank":2,"capital":true},"geometry":{"type":"Point","coordinates":[19.08137,47.50195]}},{"type":"Feature","properties":{"name":"萨那","rank":2,"capital":true},"geometry":{"type":"Point","coordinates":[44.20465,15.35668]}},{"type":"Feature","properties":{"name":"巴塞罗那","rank":2,"capital":false},"geometry":{"type":"Point","coordinates":[2.18142,41.38525]}},{"type":"Feature","properties":{"name":"布加勒斯特","rank":2,"capital":true},"geometry":{"type":"Point","coordinates":[26.098,44.43532]}},{"type":"Feature","properties":{"name":"阿勒颇","rank":2,"capital":false},"geometry":{"type":"Point","coordinates":[37.16807,36.23192]}},{"type":"Feature","properties":{"name":"大马士革","rank":2,"capital":true},"geometry":{"type":"Point","coordinates":[36.29805,33.50198]}},{"type":"Feature","properties":{"name":"苏黎世","rank":2,"capital":false},"geometry":{"type":"Point","coordinates":[8.54806,47.38193]}},{"type":"Feature","properties":{"name":"里斯本","rank":2,"capital":true},"geometry":{"type":"Point","coordinates":[-9.14681,38.72467]}},{"type":"Feature","properties":{"name":"喀土穆","rank":2,"capital":true},"geometry":{"type":"Point","coordinates":[32.53223,15.59002]}},{"type":"Feature","properties":{"name":"吉达","rank":2,"capital":false},"geometry":{"type":"Point","coordinates":[39.21725,21.51884]}},{"type":"Feature","properties":{"name":"麦加","rank":2,"capital":false},"geometry":{"type":"Point","coordinates":[39.81809,21.43197]}},{"type":"Feature","properties":{"name":"奥斯陆","rank":2,"capital":true},"geometry":{"type":"Point","coordinates":[10.74803,59.91864]}},{"type":"Feature","properties":{"name":"拉合尔","rank":2,"capital":false},"geometry":{"type":"Point","coordinates":[74.34808,31.56192]}},{"type":"Feature","properties":{"name":"卡拉奇","rank":2,"capital":false},"geometry":{"type":"Point","coordinates":[66.98806,24.87194]}},{"type":"Feature","properties":{"name":"德班","rank":2,"capital":false},"geometry":{"type":"Point","coordinates":[31.01094,-29.86066]}},{"type":"Feature","properties":{"name":"圣彼得堡","rank":2,"capital":false},"geometry":{"type":"Point","coordinates":[30.31407,59.94096]}},{"type":"Feature","properties":{"name":"瓜达拉哈拉","rank":2,"capital":false},"geometry":{"type":"Point","coordinates":[-103.33198,20.67196]}},{"type":"Feature","properties":{"name":"普埃布拉","rank":2,"capital":false},"geometry":{"type":"Point","coordinates":[-98.20374,19.03259]}},{"type":"Feature","properties":{"name":"卡诺","rank":2,"capital":false},"geometry":{"type":"Point","coordinates":[8.51809,12.00192]}},{"type":"Feature","properties":{"name":"华沙","rank":2,"capital":true},"geometry":{"type":"Point","coordinates":[21.00535,52.23087]}},{"type":"Feature","properties":{"name":"平壤","rank":2,"capital":true},"geometry":{"type":"Point","coordinates":[125.75274,39.02138]}},{"type":"Feature","properties":{"name":"三蘭港","rank":2,"capital":true},"geometry":{"type":"Point","coordinates":[39.2664,-6.79807]}},{"type":"Feature","properties":{"name":"棉兰","rank":2,"capital":false},"geometry":{"type":"Point","coordinates":[98.64809,3.58192]}},{"type":"Feature","properties":{"name":"都柏林","rank":2,"capital":true},"geometry":{"type":"Point","coordinates":[-6.25698,53.34673]}},{"type":"Feature","properties":{"name":"蒙罗维亚","rank":2,"capital":true},"geometry":{"type":"Point","coordinates":[-10.79966,6.31458]}},{"type":"Feature","properties":{"name":"那不勒斯","rank":2,"capital":false},"geometry":{"type":"Point","coordinates":[14.24307,40.84197]}},{"type":"Feature","properties":{"name":"米兰","rank":2,"capital":false},"geometry":{"type":"Point","coordinates":[9.20306,45.47192]}},{"type":"Feature","properties":{"name":"吉隆坡","rank":2,"capital":true},"geometry":{"type":"Point","coordinates":[101.6887,3.1398]}},{"type":"Feature","properties":{"name":"兰州","rank":2,"capital":false},"geometry":{"type":"Point","coordinates":[103.79005,36.05797]}},{"type":"Feature","properties":{"name":"南宁","rank":2,"capital":false},"geometry":{"type":"Point","coordinates":[108.3181,22.82193]}},{"type":"Feature","properties":{"name":"贵阳","rank":2,"capital":false},"geometry":{"type":"Point","coordinates":[106.71809,26.58199]}},{"type":"Feature","properties":{"name":"重庆","rank":2,"capital":false},"geometry":{"type":"Point","coordinates":[106.59304,29.56692]}},{"type":"Feature","properties":{"name":"福州","rank":2,"capital":false},"geometry":{"type":"Point","coordinates":[119.2981,26.08194]}},{"type":"Feature","properties":{"name":"广州","rank":2,"capital":false},"geometry":{"type":"Point","coordinates":[113.26179,23.12472]}},{"type":"Feature","properties":{"name":"东莞","rank":2,"capital":false},"geometry":{"type":"Point","coordinates":[113.75047,23.02154]}},{"type":"Feature","properties":{"name":"万隆","rank":2,"capital":false},"geometry":{"type":"Point","coordinates":[107.56807,-6.94808]}},{"type":"Feature","properties":{"name":"泗水","rank":2,"capital":false},"geometry":{"type":"Point","coordinates":[112.74889,-7.24729]}},{"type":"Feature","properties":{"name":"瓜亚基尔","rank":2,"capital":false},"geometry":{"type":"Point","coordinates":[-79.92199,-2.21809]}},{"type":"Feature","properties":{"name":"麦德林","rank":2,"capital":false},"geometry":{"type":"Point","coordinates":[-75.57696,6.27695]}},{"type":"Feature","properties":{"name":"卡利","rank":2,"capital":false},"geometry":{"type":"Point","coordinates":[-76.50191,3.40191]}},{"type":"Feature","properties":{"name":"哈瓦那","rank":2,"capital":true},"geometry":{"type":"Point","coordinates":[-82.36613,23.1339]}},{"type":"Feature","properties":{"name":"亚历山大港","rank":2,"capital":false},"geometry":{"type":"Point","coordinates":[29.94805,31.20197]}},{"type":"Feature","properties":{"name":"美因河畔法兰克福","rank":2,"capital":false},"geometry":{"type":"Point","coordinates":[8.67502,50.09998]}},{"type":"Feature","properties":{"name":"汉堡","rank":2,"capital":false},"geometry":{"type":"Point","coordinates":[9.99805,53.55197]}},{"type":"Feature","properties":{"name":"慕尼黑","rank":2,"capital":false},"geometry":{"type":"Point","coordinates":[11.57305,48.13189]}},{"type":"Feature","properties":{"name":"布拉格","rank":2,"capital":true},"geometry":{"type":"Point","coordinates":[14.42294,50.08697]}},{"type":"Feature","properties":{"name":"科威特城","rank":2,"capital":true},"geometry":{"type":"Point","coordinates":[47.97636,29.37166]}},{"type":"Feature","properties":{"name":"西安","rank":2,"capital":false},"geometry":{"type":"Point","coordinates":[108.89305,34.27697]}},{"type":"Feature","properties":{"name":"太原","rank":2,"capital":false},"geometry":{"type":"Point","coordinates":[112.54311,37.87696]}},{"type":"Feature","properties":{"name":"武汉","rank":2,"capital":false},"geometry":{"type":"Point","coordinates":[114.26807,30.58198]}},{"type":"Feature","properties":{"name":"长沙","rank":2,"capital":false},"geometry":{"type":"Point","coordinates":[112.96805,28.20192]}},{"type":"Feature","properties":{"name":"昆明","rank":2,"capital":false},"geometry":{"type":"Point","coordinates":[102.69744,25.04286]}},{"type":"Feature","properties":{"name":"郑州","rank":2,"capital":false},"geometry":{"type":"Point","coordinates":[113.66315,34.75694]}},{"type":"Feature","properties":{"name":"沈阳","rank":2,"capital":false},"geometry":{"type":"Point","coordinates":[123.44803,41.80693]}},{"type":"Feature","properties":{"name":"济南","rank":2,"capital":false},"geometry":{"type":"Point","coordinates":[116.99307,36.67693]}},{"type":"Feature","properties":{"name":"天津","rank":2,"capital":false},"geometry":{"type":"Point","coordinates":[117.19661,39.08277]}},{"type":"Feature","properties":{"name":"南昌","rank":2,"capital":false},"geometry":{"type":"Point","coordinates":[115.87805,28.68194]}},{"type":"Feature","properties":{"name":"南京","rank":2,"capital":false},"geometry":{"type":"Point","coordinates":[118.77803,32.05197]}},{"type":"Feature","properties":{"name":"杭州","rank":2,"capital":false},"geometry":{"type":"Point","coordinates":[120.16807,30.25192]}},{"type":"Feature","properties":{"name":"广岛","rank":2,"capital":false},"geometry":{"type":"Point","coordinates":[132.44097,34.38978]}},{"type":"Feature","properties":{"name":"长春","rank":2,"capital":false},"geometry":{"type":"Point","coordinates":[125.33804,43.86695]}},{"type":"Feature","properties":{"name":"包头","rank":2,"capital":false},"geometry":{"type":"Point","coordinates":[109.82007,40.65415]}},{"type":"Feature","properties":{"name":"哈尔滨","rank":2,"capital":false},"geometry":{"type":"Point","coordinates":[126.64804,45.75193]}},{"type":"Feature","properties":{"name":"札幌","rank":2,"capital":false},"geometry":{"type":"Point","coordinates":[141.3381,43.07693]}},{"type":"Feature","properties":{"name":"圣多明哥","rank":2,"capital":true},"geometry":{"type":"Point","coordinates":[-69.92974,18.47075]}},{"type":"Feature","properties":{"name":"阿克拉","rank":2,"capital":true},"geometry":{"type":"Point","coordinates":[-0.21866,5.55198]}},{"type":"Feature","properties":{"name":"德里","rank":2,"capital":false},"geometry":{"type":"Point","coordinates":[77.22806,28.67194]}},{"type":"Feature","properties":{"name":"海德拉巴","rank":2,"capital":false},"geometry":{"type":"Point","coordinates":[78.47801,17.40193]}},{"type":"Feature","properties":{"name":"浦那","rank":2,"capital":false},"geometry":{"type":"Point","coordinates":[73.85189,18.51639]}},{"type":"Feature","properties":{"name":"纳格普尔","rank":2,"capital":false},"geometry":{"type":"Point","coordinates":[79.08805,21.17191]}},{"type":"Feature","properties":{"name":"的黎波里","rank":2,"capital":true},"geometry":{"type":"Point","coordinates":[13.18001,32.8925]}},{"type":"Feature","properties":{"name":"特拉维夫","rank":2,"capital":false},"geometry":{"type":"Point","coordinates":[34.76807,32.08194]}},{"type":"Feature","properties":{"name":"赫尔辛基","rank":2,"capital":true},"geometry":{"type":"Point","coordinates":[24.93246,60.1638]}},{"type":"Feature","properties":{"name":"马什哈德","rank":2,"capital":false},"geometry":{"type":"Point","coordinates":[59.56805,36.27197]}},{"type":"Feature","properties":{"name":"斋浦尔","rank":2,"capital":false},"geometry":{"type":"Point","coordinates":[75.80804,26.92308]}},{"type":"Feature","properties":{"name":"坎普尔","rank":2,"capital":false},"geometry":{"type":"Point","coordinates":[80.31805,26.46194]}},{"type":"Feature","properties":{"name":"巴特那","rank":2,"capital":false},"geometry":{"type":"Point","coordinates":[85.12809,25.62691]}},{"type":"Feature","properties":{"name":"金奈","rank":2,"capital":false},"geometry":{"type":"Point","coordinates":[80.27805,13.09193]}},{"type":"Feature","properties":{"name":"阿麼达巴德","rank":2,"capital":false},"geometry":{"type":"Point","coordinates":[72.57806,23.032]}},{"type":"Feature","properties":{"name":"苏拉特","rank":2,"capital":false},"geometry":{"type":"Point","coordinates":[72.83809,21.20193]}},{"type":"Feature","properties":{"name":"哥本哈根","rank":2,"capital":true},"geometry":{"type":"Point","coordinates":[12.56154,55.68051]}},{"type":"Feature","properties":{"name":"阿比让","rank":2,"capital":true},"geometry":{"type":"Point","coordinates":[-4.02021,5.32313]}},{"type":"Feature","properties":{"name":"贝伦","rank":2,"capital":false},"geometry":{"type":"Point","coordinates":[-48.48197,-1.44806]}},{"type":"Feature","properties":{"name":"巴西利亚","rank":2,"capital":true},"geometry":{"type":"Point","coordinates":[-47.918,-15.78139]}},{"type":"Feature","properties":{"name":"阿雷格里港","rank":2,"capital":false},"geometry":{"type":"Point","coordinates":[-51.20196,-30.04807]}},{"type":"Feature","properties":{"name":"库里奇巴","rank":2,"capital":false},"geometry":{"type":"Point","coordinates":[-49.32194,-25.41807]}},{"type":"Feature","properties":{"name":"福塔雷萨","rank":2,"capital":false},"geometry":{"type":"Point","coordinates":[-38.58193,-3.74807]}},{"type":"Feature","properties":{"name":"萨尔瓦多","rank":2,"capital":false},"geometry":{"type":"Point","coordinates":[-38.48193,-12.96803]}},{"type":"Feature","properties":{"name":"埃德蒙顿","rank":2,"capital":false},"geometry":{"type":"Point","coordinates":[-113.50193,53.55197]}},{"type":"Feature","properties":{"name":"蒙特利尔","rank":2,"capital":false},"geometry":{"type":"Point","coordinates":[-73.58524,45.50195]}},{"type":"Feature","properties":{"name":"戈亚尼亚","rank":2,"capital":false},"geometry":{"type":"Point","coordinates":[-49.30197,-16.71808]}},{"type":"Feature","properties":{"name":"累西腓","rank":2,"capital":false},"geometry":{"type":"Point","coordinates":[-34.90877,-8.06053]}},{"type":"Feature","properties":{"name":"布鲁塞尔","rank":2,"capital":true},"geometry":{"type":"Point","coordinates":[4.33137,50.83526]}},{"type":"Feature","properties":{"name":"达卡","rank":2,"capital":true},"geometry":{"type":"Point","coordinates":[90.40663,23.72501]}},{"type":"Feature","properties":{"name":"罗安达","rank":2,"capital":true},"geometry":{"type":"Point","coordinates":[13.23248,-8.83634]}},{"type":"Feature","properties":{"name":"阿尔及尔","rank":2,"capital":true},"geometry":{"type":"Point","coordinates":[3.04861,36.76501]}},{"type":"Feature","properties":{"name":"吉大港","rank":2,"capital":false},"geometry":{"type":"Point","coordinates":[91.79802,22.33194]}},{"type":"Feature","properties":{"name":"珀斯","rank":2,"capital":false},"geometry":{"type":"Point","coordinates":[115.83805,-31.95307]}},{"type":"Feature","properties":{"name":"仰光","rank":2,"capital":false},"geometry":{"type":"Point","coordinates":[96.16473,16.7853]}},{"type":"Feature","properties":{"name":"旧金山","rank":1,"capital":false},"geometry":{"type":"Point","coordinates":[-122.3996,37.78426]}},{"type":"Feature","properties":{"name":"丹佛","rank":1,"capital":false},"geometry":{"type":"Point","coordinates":[-104.98596,39.74113]}},{"type":"Feature","properties":{"name":"休斯敦","rank":1,"capital":false},"geometry":{"type":"Point","coordinates":[-95.34844,29.74127]}},{"type":"Feature","properties":{"name":"迈阿密","rank":1,"capital":false},"geometry":{"type":"Point","coordinates":[-80.22605,25.78956]}},{"type":"Feature","properties":{"name":"亚特兰大","rank":1,"capital":false},"geometry":{"type":"Point","coordinates":[-84.36764,33.73946]}},{"type":"Feature","properties":{"name":"芝加哥","rank":1,"capital":false},"geometry":{"type":"Point","coordinates":[-87.63524,41.84796]}},{"type":"Feature","properties":{"name":"加拉加斯","rank":1,"capital":true},"geometry":{"type":"Point","coordinates":[-66.91898,10.50294]}},{"type":"Feature","properties":{"name":"基辅","rank":1,"capital":true},"geometry":{"type":"Point","coordinates":[30.51468,50.43531]}},{"type":"Feature","properties":{"name":"迪拜","rank":1,"capital":false},"geometry":{"type":"Point","coordinates":[55.28695,25.21491]}},{"type":"Feature","properties":{"name":"塔什干","rank":1,"capital":true},"geometry":{"type":"Point","coordinates":[69.26882,41.30383]}},{"type":"Feature","properties":{"name":"马德里","rank":1,"capital":true},"geometry":{"type":"Point","coordinates":[-3.6853,40.40197]}},{"type":"Feature","properties":{"name":"日内瓦","rank":1,"capital":false},"geometry":{"type":"Point","coordinates":[6.14003,46.21001]}},{"type":"Feature","properties":{"name":"斯德哥尔摩","rank":1,"capital":true},"geometry":{"type":"Point","coordinates":[18.0663,59.32413]}},{"type":"Feature","properties":{"name":"曼谷","rank":1,"capital":true},"geometry":{"type":"Point","coordinates":[100.5147,13.75195]}},{"type":"Feature","properties":{"name":"利马","rank":1,"capital":true},"geometry":{"type":"Point","coordinates":[-77.05201,-12.04607]}},{"type":"Feature","properties":{"name":"达喀尔","rank":1,"capital":true},"geometry":{"type":"Point","coordinates":[-17.47508,14.71778]}},{"type":"Feature","properties":{"name":"约翰内斯堡","rank":1,"capital":false},"geometry":{"type":"Point","coordinates":[28.02806,-26.1681]}},{"type":"Feature","properties":{"name":"阿姆斯特丹","rank":1,"capital":true},"geometry":{"type":"Point","coordinates":[4.91469,52.35191]}},{"type":"Feature","properties":{"name":"卡萨布兰卡","rank":1,"capital":false},"geometry":{"type":"Point","coordinates":[-7.61831,33.60192]}},{"type":"Feature","properties":{"name":"首尔","rank":1,"capital":true},"geometry":{"type":"Point","coordinates":[126.99779,37.56829]}},{"type":"Feature","properties":{"name":"马尼拉","rank":1,"capital":true},"geometry":{"type":"Point","coordinates":[120.98027,14.6061]}},{"type":"Feature","properties":{"name":"蒙特雷","rank":1,"capital":false},"geometry":{"type":"Point","coordinates":[-100.33193,25.67194]}},{"type":"Feature","properties":{"name":"柏林","rank":1,"capital":true},"geometry":{"type":"Point","coordinates":[13.3996,52.52376]}},{"type":"Feature","properties":{"name":"乌鲁木齐","rank":1,"capital":false},"geometry":{"type":"Point","coordinates":[87.57306,43.80696]}},{"type":"Feature","properties":{"name":"成都","rank":1,"capital":false},"geometry":{"type":"Point","coordinates":[104.06807,30.67195]}},{"type":"Feature","properties":{"name":"大阪","rank":1,"capital":false},"geometry":{"type":"Point","coordinates":[135.50375,34.6911]}},{"type":"Feature","properties":{"name":"金沙萨","rank":1,"capital":true},"geometry":{"type":"Point","coordinates":[15.31303,-4.32778]}},{"type":"Feature","properties":{"name":"新德里","rank":1,"capital":true},"geometry":{"type":"Point","coordinates":[77.19998,28.60002]}},{"type":"Feature","properties":{"name":"班加罗尔","rank":1,"capital":false},"geometry":{"type":"Point","coordinates":[77.55806,12.97194]}},{"type":"Feature","properties":{"name":"雅典","rank":1,"capital":true},"geometry":{"type":"Point","coordinates":[23.73138,37.98527]}},{"type":"Feature","properties":{"name":"巴格达","rank":1,"capital":true},"geometry":{"type":"Point","coordinates":[44.39192,33.34059]}},{"type":"Feature","properties":{"name":"亚的斯亚贝巴","rank":1,"capital":true},"geometry":{"type":"Point","coordinates":[38.69806,9.03526]}},{"type":"Feature","properties":{"name":"德黑兰","rank":1,"capital":true},"geometry":{"type":"Point","coordinates":[51.4224,35.67389]}},{"type":"Feature","properties":{"name":"温哥华","rank":1,"capital":false},"geometry":{"type":"Point","coordinates":[-123.12359,49.27536]}},{"type":"Feature","properties":{"name":"多伦多","rank":1,"capital":false},"geometry":{"type":"Point","coordinates":[-79.38946,43.66464]}},{"type":"Feature","properties":{"name":"布宜诺斯艾利斯","rank":1,"capital":true},"geometry":{"type":"Point","coordinates":[-58.43251,-34.61071]}},{"type":"Feature","properties":{"name":"喀布尔","rank":1,"capital":true},"geometry":{"type":"Point","coordinates":[69.18131,34.51864]}},{"type":"Feature","properties":{"name":"维也纳","rank":1,"capital":true},"geometry":{"type":"Point","coordinates":[16.36469,48.20196]}},{"type":"Feature","properties":{"name":"墨尔本","rank":1,"capital":false},"geometry":{"type":"Point","coordinates":[144.97307,-37.81809]}},{"type":"Feature","properties":{"name":"台北","rank":1,"capital":true},"geometry":{"type":"Point","coordinates":[121.56833,25.03583]}},{"type":"Feature","properties":{"name":"洛杉矶","rank":0,"capital":false},"geometry":{"type":"Point","coordinates":[-118.23199,34.04922]}},{"type":"Feature","properties":{"name":"华盛顿哥伦比亚特区","rank":0,"capital":true},"geometry":{"type":"Point","coordinates":[-77.01136,38.9015]}},{"type":"Feature","properties":{"name":"纽约","rank":0,"capital":false},"geometry":{"type":"Point","coordinates":[-73.99572,40.72156]}},{"type":"Feature","properties":{"name":"伦敦","rank":0,"capital":true},"geometry":{"type":"Point","coordinates":[-0.11867,51.50194]}},{"type":"Feature","properties":{"name":"伊斯坦布尔","rank":0,"capital":false},"geometry":{"type":"Point","coordinates":[28.97428,41.0176]}},{"type":"Feature","properties":{"name":"利雅德","rank":0,"capital":true},"geometry":{"type":"Point","coordinates":[46.72049,24.6345]}},{"type":"Feature","properties":{"name":"开普敦","rank":0,"capital":true},"geometry":{"type":"Point","coordinates":[18.43304,-33.91807]}},{"type":"Feature","properties":{"name":"莫斯科","rank":0,"capital":true},"geometry":{"type":"Point","coordinates":[37.61358,55.75411]}},{"type":"Feature","properties":{"name":"墨西哥城","rank":0,"capital":true},"geometry":{"type":"Point","coordinates":[-99.13293,19.44439]}},{"type":"Feature","properties":{"name":"拉各斯","rank":0,"capital":false},"geometry":{"type":"Point","coordinates":[3.38959,6.44521]}},{"type":"Feature","properties":{"name":"罗马","rank":0,"capital":true},"geometry":{"type":"Point","coordinates":[12.48131,41.8979]}},{"type":"Feature","properties":{"name":"北京","rank":0,"capital":true},"geometry":{"type":"Point","coordinates":[116.3942,39.90172]}},{"type":"Feature","properties":{"name":"内罗毕","rank":0,"capital":true},"geometry":{"type":"Point","coordinates":[36.81471,-1.2814]}},{"type":"Feature","properties":{"name":"雅加达","rank":0,"capital":true},"geometry":{"type":"Point","coordinates":[106.82749,-6.17247]}},{"type":"Feature","properties":{"name":"波哥大","rank":0,"capital":true},"geometry":{"type":"Point","coordinates":[-74.08529,4.59837]}},{"type":"Feature","properties":{"name":"开罗","rank":0,"capital":true},"geometry":{"type":"Point","coordinates":[31.24802,30.05191]}},{"type":"Feature","properties":{"name":"上海","rank":0,"capital":false},"geometry":{"type":"Point","coordinates":[121.43456,31.2184]}},{"type":"Feature","properties":{"name":"东京","rank":0,"capital":true},"geometry":{"type":"Point","coordinates":[139.74946,35.68696]}},{"type":"Feature","properties":{"name":"孟买","rank":0,"capital":false},"geometry":{"type":"Point","coordinates":[72.87584,19.06841]}},{"type":"Feature","properties":{"name":"巴黎","rank":0,"capital":true},"geometry":{"type":"Point","coordinates":[2.35299,48.85809]}},{"type":"Feature","properties":{"name":"圣地亚哥","rank":0,"capital":true},"geometry":{"type":"Point","coordinates":[-70.6505,-33.44021]}},{"type":"Feature","properties":{"name":"加尔各答","rank":0,"capital":false},"geometry":{"type":"Point","coordinates":[88.36913,22.56958]}},{"type":"Feature","properties":{"name":"里约热内卢","rank":0,"capital":false},"geometry":{"type":"Point","coordinates":[-43.21212,-22.90731]}},{"type":"Feature","properties":{"name":"圣保罗","rank":0,"capital":false},"geometry":{"type":"Point","coordinates":[-46.62697,-23.55673]}},{"type":"Feature","properties":{"name":"悉尼","rank":0,"capital":false},"geometry":{"type":"Point","coordinates":[151.21255,-33.87137]}},{"type":"Feature","properties":{"name":"新加坡","rank":0,"capital":true},"geometry":{"type":"Point","coordinates":[103.85387,1.29498]}},{"type":"Feature","properties":{"name":"香港","rank":0,"capital":false},"geometry":{"type":"Point","coordinates":[114.18306,22.30693]}},{"type":"Feature","properties":{"name":"内皮尔","rank":4,"capital":false},"geometry":{"type":"Point","coordinates":[176.92645,-39.49]}},{"type":"Feature","properties":{"name":"曼努考","rank":4,"capital":false},"geometry":{"type":"Point","coordinates":[174.88497,-36.99997]}},{"type":"Feature","properties":{"name":"哈密尔顿","rank":4,"capital":false},"geometry":{"type":"Point","coordinates":[175.28958,-37.77827]}},{"type":"Feature","properties":{"name":"布伦亨","rank":4,"capital":false},"geometry":{"type":"Point","coordinates":[173.95496,-41.51352]}},{"type":"Feature","properties":{"name":"达尼丁","rank":4,"capital":false},"geometry":{"type":"Point","coordinates":[170.49102,-45.88542]}},{"type":"Feature","properties":{"name":"惠灵顿","rank":3,"capital":true},"geometry":{"type":"Point","coordinates":[174.7772,-41.29207]}},{"type":"Feature","properties":{"name":"克赖斯特彻奇","rank":3,"capital":false},"geometry":{"type":"Point","coordinates":[172.63002,-43.53502]}},{"type":"Feature","properties":{"name":"奥克兰都会区","rank":1,"capital":false},"geometry":{"type":"Point","coordinates":[174.76303,-36.84805]}},{"type":"Feature","properties":{"name":"莱镇","rank":4,"capital":false},"geometry":{"type":"Point","coordinates":[77.57229,34.16156]}},{"type":"Feature","properties":{"name":"阿马拉瓦蒂","rank":4,"capital":false},"geometry":{"type":"Point","coordinates":[80.52432,16.53366]}}]}